pmt,nentries,mu,emu,q,eq,sigma,esigma,amplitude,eamplitude,chi2,ndf,fitstatus
0,28614,0.343831,0.013232,0.466419,0.005142,0.183172,0.003802,1521.553955,54.303452,202.082855,36,0
1,19130,0.357994,0.015549,0.458542,0.006895,0.204956,0.005194,1528.272949,60.581547,180.157043,36,0
2,16848,0.444790,0.017567,0.433691,0.007419,0.192710,0.005175,1334.118774,46.376812,208.309494,36,0
3,17602,0.389405,0.013404,0.462153,0.005305,0.180370,0.003901,1536.411865,46.875526,214.475281,36,0
4,17916,0.489309,0.017849,0.448357,0.006458,0.190179,0.005075,1273.843506,40.479599,193.427902,36,0
5,1770,0.100000,0.017849,0.800000,0.006458,0.300000,0.005075,328.200012,40.479599,193.427902,36,-1
6,23146,0.424542,0.014611,0.426928,0.006312,0.186422,0.004235,1812.999023,55.109707,286.173828,36,0
7,24365,0.385877,0.014199,0.439776,0.006107,0.190418,0.004363,1855.559082,61.381786,243.511917,36,0
8,19697,0.462743,0.017560,0.439747,0.008095,0.205576,0.005448,1501.362427,49.276894,173.749039,36,0
9,17674,0.392222,0.014188,0.459491,0.005708,0.191969,0.004163,1688.068359,55.021004,272.619476,36,0
10,25318,0.483027,0.019758,0.413872,0.008867,0.203425,0.006700,1551.791748,56.455978,197.815277,36,0
11,20652,0.445536,0.015909,0.434053,0.006524,0.192827,0.004881,1754.204102,57.299026,249.294495,36,0
12,21141,0.412887,0.013957,0.444681,0.005950,0.193391,0.004222,1929.449951,58.389980,257.556976,36,0
13,21881,0.448049,0.016593,0.444784,0.007075,0.210409,0.005310,1802.709839,58.376801,224.210037,36,0
14,19603,0.383594,0.013997,0.468809,0.005678,0.199847,0.004283,1785.390747,58.700111,194.721207,36,0
15,26455,0.434964,0.016072,0.440100,0.006904,0.200279,0.004992,1725.685913,56.015781,216.640030,36,0
16,22590,0.412909,0.015704,0.443664,0.006917,0.212954,0.004978,1946.758057,64.041245,228.767044,36,0
17,23750,0.470834,0.016477,0.432228,0.007226,0.203565,0.005150,1751.021484,52.818954,223.016190,36,0
18,28169,0.407105,0.014618,0.437739,0.006580,0.191935,0.004360,1761.439453,55.924957,236.714127,36,0
19,20654,0.441496,0.015349,0.434252,0.006482,0.191026,0.004506,1727.418701,52.412006,241.448700,36,0
20,22354,0.484653,0.019072,0.448121,0.008221,0.220579,0.006045,1505.581909,49.757866,181.111664,36,0
21,14289,0.100000,0.019072,0.800000,0.008221,0.300000,0.006045,2734.399902,49.757866,181.111664,36,-1
22,21106,0.462587,0.016787,0.435944,0.007175,0.205339,0.005267,1752.461304,55.121418,215.033813,36,0
23,23523,0.355080,0.011277,0.445027,0.004731,0.179949,0.003355,2342.363281,68.397308,268.277435,36,0
24,23162,0.496686,0.020308,0.400665,0.009817,0.212828,0.006690,1795.590820,62.084595,197.830566,36,0
25,18254,0.495054,0.019159,0.434957,0.008104,0.208621,0.005943,1450.702515,48.035149,137.871994,36,0
26,19449,0.446075,0.014422,0.413905,0.005960,0.172873,0.003988,1758.645996,51.104401,248.839981,36,0
27,18662,0.456844,0.004729,0.450882,0.003310,0.217674,0.003193,1552.259766,14.768358,182.491699,36,0
28,22799,0.435211,0.014552,0.439155,0.006105,0.193797,0.004300,1926.569092,56.333988,270.266754,36,0
29,23814,0.399631,0.013974,0.454234,0.005820,0.196676,0.004184,1892.029175,58.908634,236.375397,36,0
30,22391,0.434887,0.017326,0.446197,0.007792,0.218469,0.005646,1725.091553,59.707600,184.287781,36,0
31,23495,0.384475,0.014654,0.454971,0.006374,0.205901,0.004494,1825.158203,61.020653,218.275574,36,0
32,22175,0.480756,0.016899,0.454009,0.006150,0.200933,0.005060,1579.858521,49.005520,195.364395,36,0
33,24042,0.458419,0.015720,0.423876,0.007107,0.195663,0.004854,1840.499146,50.027565,247.565552,36,0
34,19694,0.410225,0.018364,0.443931,0.009173,0.237712,0.006408,1858.390015,72.250450,197.787811,36,0
35,24378,0.416781,0.015623,0.428289,0.007075,0.196333,0.004977,1798.247192,59.686916,236.272583,36,0
36,22370,0.394436,0.013360,0.453501,0.005312,0.196521,0.004018,2021.610840,62.289829,258.171478,36,0
37,20398,0.449580,0.016498,0.457560,0.006754,0.207991,0.005202,1643.087036,53.368389,163.826004,36,0
38,33665,0.401958,0.014269,0.455092,0.006130,0.204697,0.004648,1999.429810,63.181057,220.405991,36,0
39,19747,0.441472,0.015842,0.466449,0.006565,0.205012,0.004705,1540.611328,47.618065,188.286697,36,0
40,21425,0.360558,0.012431,0.453136,0.005143,0.187393,0.003850,2094.991943,66.576248,234.028046,36,0
41,21850,0.469644,0.015566,0.449756,0.006049,0.196458,0.004598,1708.053345,49.011799,206.430573,36,0
42,18854,0.403375,0.015186,0.475572,0.005991,0.214225,0.004723,1792.681274,59.809048,203.632156,36,0
43,21356,0.398803,0.014694,0.421368,0.007008,0.193694,0.004582,1982.718994,64.857780,315.265564,36,0
44,20024,0.442997,0.016523,0.447846,0.007170,0.207659,0.005286,1697.639648,55.375599,192.882935,36,0
45,21192,0.476846,0.016450,0.445571,0.006686,0.194471,0.004613,1458.537964,43.217022,217.841187,36,0
46,19591,0.488140,0.018557,0.437923,0.008330,0.218017,0.006031,1681.270386,54.549931,184.754791,36,0
47,19259,0.447894,0.018218,0.426489,0.008571,0.211924,0.006021,1683.011475,59.082233,218.871094,36,0
48,21312,0.416316,0.013850,0.461408,0.005242,0.194201,0.004104,1862.881958,55.079098,237.161987,36,0
49,25455,0.487374,0.017075,0.457564,0.006815,0.213930,0.005483,1787.478271,54.186199,189.601746,36,0
50,24218,0.406310,0.015435,0.453519,0.006705,0.209312,0.005074,1872.707520,63.153862,229.584518,36,0
51,18447,0.622878,0.022434,0.213595,0.004852,0.107337,0.004009,1264.165701,39.993270,672.416535,40,0
52,2550,0.069189,0.073818,0.831226,0.055171,0.157825,0.021993,364.973328,364.030029,0.000000,0,0
53,28689,0.433827,0.014575,0.453431,0.006099,0.205942,0.004608,1997.364868,58.641098,252.574265,36,0
54,20719,0.379014,0.012790,0.438582,0.005191,0.175059,0.003552,1800.708618,55.219223,289.149384,36,0
55,21914,0.426038,0.014388,0.408592,0.006466,0.179331,0.004321,1988.776611,60.529282,280.988983,36,0
56,22954,0.375033,0.012382,0.447515,0.004999,0.185298,0.003576,2207.510742,64.970749,283.391357,36,0
57,20551,0.400789,0.014140,0.467003,0.005899,0.204235,0.004346,1807.263550,57.036770,236.433258,36,0
58,22237,0.477292,0.004499,0.451818,0.002971,0.212698,0.002905,1791.083374,15.519859,172.433990,36,0
59,4163,0.100000,0.004499,0.800000,0.002971,0.300000,0.002905,776.000000,15.519859,172.433990,36,-1
60,19261,0.511356,0.020388,0.429266,0.008977,0.221276,0.006280,1613.550659,52.579647,167.078415,36,0
61,20045,0.413939,0.004074,0.436687,0.002972,0.202972,0.002711,1830.096069,16.790134,230.406998,36,0
62,22908,0.470704,0.016944,0.440449,0.007319,0.208936,0.005388,1762.284180,54.829304,211.196793,36,0
63,24859,0.490986,0.016181,0.446373,0.006602,0.201440,0.004968,1754.087524,50.102451,199.925781,36,0
64,18656,0.439571,0.016865,0.447578,0.007570,0.212095,0.005464,1689.859253,56.163723,185.314194,36,0
65,18725,0.471472,0.017693,0.466346,0.006636,0.220327,0.005763,1546.720337,51.939396,126.217712,36,0
66,22694,0.481135,0.016082,0.452730,0.006451,0.202618,0.004784,1691.437622,48.620525,174.610931,36,0
67,25589,0.535645,0.021143,0.447681,0.009111,0.234683,0.006974,1603.612427,52.331238,148.596725,36,0
68,21295,0.477161,0.015930,0.462249,0.006158,0.207492,0.004853,1773.820312,51.951889,216.908737,36,0
69,20666,0.451159,0.017603,0.448642,0.007755,0.222984,0.005981,1845.105713,63.069286,199.971832,36,0
70,18276,0.521662,0.022494,0.431913,0.010027,0.226688,0.007421,1401.167114,50.565228,152.180008,36,0
71,2768,0.100000,0.022494,0.800000,0.010027,0.300000,0.007421,522.400024,50.565228,152.180008,36,-1
72,19287,0.410062,0.013775,0.437056,0.005697,0.185167,0.004029,1877.702515,56.640583,266.664368,36,0
73,20502,0.459574,0.015540,0.430991,0.006587,0.191352,0.004770,1779.253296,54.332108,264.983307,36,0
74,20471,0.412585,0.014055,0.437327,0.005679,0.177108,0.003956,1636.506348,50.669609,295.679016,36,0
75,25099,0.436791,0.015701,0.421736,0.006685,0.183424,0.004616,1598.172485,51.068695,211.262070,36,0
76,21857,0.480835,0.015617,0.429271,0.006689,0.195632,0.004749,1857.161865,51.447422,246.861160,36,0
77,18411,0.483400,0.016901,0.459541,0.006305,0.200571,0.004997,1480.994507,44.750549,148.943893,36,0
78,17886,0.389035,0.015573,0.451748,0.006881,0.210271,0.005236,1830.395874,65.960747,210.987717,36,0
79,19252,0.469155,0.014353,0.346394,0.005946,0.133318,0.003048,1505.806885,46.343887,509.145172,36,0
80,20548,0.349514,0.014620,0.471101,0.006373,0.211605,0.004833,1714.803833,65.363281,163.838608,36,0
81,20693,0.463837,0.016840,0.447733,0.006871,0.203503,0.005245,1649.457031,51.797153,176.513428,36,0
82,18344,0.430934,0.014455,0.450622,0.005645,0.188148,0.004248,1687.391846,50.482620,215.194504,36,0
83,18693,0.430507,0.015648,0.450154,0.006438,0.200317,0.004864,1675.443237,53.853035,210.618011,36,0
84,17776,0.387366,0.015005,0.444872,0.006333,0.192067,0.004562,1609.003052,56.040848,212.641159,36,0
85,15056,0.372946,0.016571,0.461926,0.007332,0.210012,0.005400,1471.333130,58.936382,156.769455,36,0
86,16263,0.519607,0.018455,0.446543,0.006859,0.195339,0.005367,1298.583984,39.284760,123.424301,36,0
87,18157,0.452270,0.018608,0.450858,0.007847,0.213758,0.005992,1447.030029,51.746559,106.164993,36,0
88,15292,0.374491,0.015974,0.467923,0.006832,0.199027,0.005014,1307.711670,50.221199,138.361420,36,0
89,18747,0.393588,0.015944,0.470005,0.006473,0.205934,0.005017,1488.379028,53.715492,120.634651,36,0
90,14566,0.384086,0.015379,0.458551,0.006116,0.184291,0.004526,1295.013550,47.496872,176.854630,36,0
91,60774,0.500067,0.013850,0.377425,0.007409,0.218097,0.004580,5145.358887,115.241577,467.686035,36,0
92,11585,0.521610,0.021472,0.329285,0.006379,0.103115,0.002919,471.813293,24.397106,293.031006,36,0
93,17190,0.395744,0.014388,0.463752,0.005675,0.191563,0.004148,1570.894165,50.788929,211.205276,36,0
94,15257,0.476973,0.019029,0.439681,0.007893,0.199537,0.005752,1286.634399,44.583416,164.583633,36,0
95,17647,0.434636,0.014861,0.352930,0.006744,0.140733,0.003483,1465.974243,50.008755,422.689850,36,0
96,16879,0.429908,0.016639,0.457141,0.007058,0.207272,0.005201,1503.602783,50.891636,190.561722,36,0
97,18907,0.380892,0.013304,0.453267,0.005433,0.193832,0.004204,1763.269409,57.570309,250.243134,36,0
98,14999,0.368348,0.014775,0.482048,0.005800,0.198689,0.004477,1454.978760,52.416611,181.745819,36,0
99,20567,0.417691,0.015281,0.462947,0.005705,0.187541,0.004393,1382.417603,44.891415,200.544678,36,0
100,20874,0.393525,0.013872,0.440560,0.005677,0.183113,0.004079,1739.722168,55.210499,234.231735,36,0
101,19856,0.486855,0.019092,0.439181,0.008222,0.213108,0.006158,1503.875977,50.469929,199.455124,36,0
102,19906,0.395042,0.014253,0.452508,0.005338,0.188102,0.004138,1624.896973,53.078495,216.742767,36,0
103,6198,0.100000,0.014253,0.800000,0.005338,0.300000,0.004138,1187.599976,53.078495,216.742767,36,-1
104,21251,0.440550,0.016280,0.436911,0.007125,0.197701,0.004913,1610.366211,51.912430,228.083466,36,0
105,18695,0.420019,0.014493,0.472304,0.005631,0.198908,0.004231,1675.177124,50.241600,194.086777,36,0
106,18582,0.413582,0.013953,0.457764,0.005259,0.184445,0.003836,1701.542236,50.373798,270.929382,36,0
107,17958,0.445653,0.016670,0.454284,0.007081,0.209664,0.005167,1618.947266,52.486629,209.211075,36,0
108,21929,0.382359,0.013802,0.475204,0.005368,0.195478,0.004130,1706.562744,55.329639,201.174332,36,0
109,18871,0.432849,0.013729,0.461006,0.004948,0.181598,0.003789,1609.077637,45.497086,192.221695,36,0
110,18149,0.461115,0.016459,0.449970,0.006601,0.204487,0.005164,1647.978149,52.051720,169.077103,36,0
111,19171,0.455591,0.015639,0.439731,0.006499,0.192075,0.004627,1638.936035,49.356430,189.793488,36,0
112,22296,0.452629,0.018863,0.422237,0.008942,0.209741,0.006300,1612.587158,58.215904,190.555695,36,0
113,22048,0.409012,0.014076,0.459040,0.005676,0.208278,0.004510,1951.974243,61.474812,179.116837,36,0
114,22042,0.404021,0.016182,0.441460,0.007434,0.210099,0.005332,1785.759033,63.389240,187.561630,36,0
115,21336,0.505167,0.021021,0.439472,0.009042,0.232004,0.006781,1592.437744,55.108261,140.541397,36,0
116,20856,0.436457,0.016307,0.455065,0.007016,0.213007,0.005187,1731.540283,56.266083,188.369568,36,0
117,59458,0.427139,0.011910,0.393981,0.006503,0.220452,0.004258,5702.769531,137.272781,458.922241,36,0
118,20225,0.438742,0.016991,0.448332,0.007335,0.202397,0.005351,1522.557739,51.266571,203.532501,36,0
119,21211,0.464687,0.018120,0.448691,0.007765,0.218313,0.005914,1648.073120,55.583622,173.643631,36,0
120,19859,0.434011,0.017417,0.433423,0.008437,0.216652,0.005847,1767.776611,59.893070,174.599533,36,0
121,17919,0.421841,0.015890,0.485612,0.006502,0.214958,0.004888,1581.950928,51.502533,171.048615,36,0
122,18305,0.539853,0.021173,0.435524,0.008829,0.211090,0.006356,1306.572510,42.358967,177.088593,36,0
123,22845,0.410910,0.016738,0.461235,0.007622,0.224671,0.005689,1746.853394,61.613262,178.236420,36,0
124,19086,0.387510,0.014658,0.455214,0.006597,0.204808,0.004661,1833.949341,61.648247,211.775833,36,0
125,17511,0.451412,0.017346,0.437045,0.007504,0.201980,0.005531,1558.071167,52.362854,223.660782,36,0
126,22764,0.378416,0.012273,0.435270,0.005135,0.177370,0.003415,2022.734863,57.943146,344.366272,36,0
127,2972,0.100000,0.012273,0.800000,0.005135,0.300000,0.003415,570.200012,57.943146,344.366272,36,-1
128,19534,0.410660,0.014679,0.455928,0.006093,0.198620,0.004564,1746.267212,55.602833,206.466904,36,0
129,19558,0.494544,0.016794,0.446836,0.006527,0.195498,0.004792,1492.996216,43.348465,213.361755,36,0
130,19216,0.417177,0.014697,0.424779,0.006704,0.190216,0.004483,1849.471924,58.558861,259.386139,36,0
131,2049,0.036523,0.026422,0.653850,1.074232,1.796284,1.869684,127.821663,90.328697,0.000023,0,0
132,17767,0.463899,0.017681,0.430248,0.007697,0.202766,0.005497,1525.990112,50.936993,205.036789,36,0
133,21151,0.399370,0.013175,0.444708,0.005344,0.183948,0.003852,1864.764038,54.787979,284.985779,36,0
134,20264,0.449611,0.018596,0.453897,0.008272,0.217290,0.005881,1438.809570,50.511845,114.513229,36,0
135,19924,0.405420,0.013923,0.448367,0.005684,0.192974,0.004201,1925.826904,58.999329,266.373901,36,0
136,19338,0.468678,0.016452,0.447965,0.006865,0.201574,0.005006,1504.098755,45.957241,182.540375,36,0
137,17364,0.407889,0.017026,0.451216,0.007422,0.206562,0.005486,1481.754639,54.950516,160.403656,36,0
138,17314,0.392391,0.016098,0.483640,0.006561,0.219980,0.005221,1613.123291,58.956673,149.900208,36,0
139,3491,0.100000,0.016098,0.800000,0.006561,0.300000,0.005221,670.599976,58.956673,149.900208,36,-1
140,21837,0.462739,0.016711,0.430544,0.006976,0.193077,0.005087,1621.983765,51.769283,243.361542,36,0
141,21826,0.470034,0.018607,0.465506,0.007063,0.227410,0.006311,1702.864502,58.969933,150.184738,36,0
142,22314,0.484907,0.018636,0.447072,0.007776,0.207020,0.005588,1397.719971,45.174168,198.261032,36,0
143,23472,0.438155,0.014031,0.427455,0.005927,0.186502,0.004175,2017.173950,57.299320,306.101807,36,0
144,20634,0.372529,0.013733,0.459236,0.006028,0.193629,0.004323,1698.404663,57.076836,210.793976,36,0
145,20591,0.428109,0.016533,0.450253,0.007389,0.208798,0.005449,1674.090210,56.858307,131.409912,36,0
146,24088,0.384484,0.013987,0.453006,0.005957,0.214108,0.004354,2298.396484,73.376106,250.608826,36,0
147,20566,0.473285,0.018287,0.436566,0.008020,0.205970,0.005753,1502.999390,49.439503,165.996368,36,0
148,20695,0.450866,0.018544,0.453906,0.008368,0.220627,0.006150,1502.863403,53.254265,131.492737,36,0
149,22553,0.459441,0.017107,0.449065,0.007024,0.204709,0.005193,1540.459839,49.330116,218.571426,36,0
150,19939,0.480095,0.016337,0.439641,0.006560,0.196687,0.004900,1615.375854,47.622578,238.791412,36,0
151,21977,0.411981,0.014478,0.444622,0.006021,0.190853,0.004270,1826.040039,58.062508,253.662292,36,0
152,17334,0.498592,0.021863,0.459836,0.009364,0.238075,0.007293,1380.639282,50.743847,118.653381,36,0
153,26117,0.423000,0.016940,0.451857,0.007788,0.224903,0.005770,1863.232544,65.064629,209.019852,36,0
154,21380,0.443986,0.020246,0.436222,0.009617,0.234656,0.006902,1667.724487,63.406956,164.073425,36,0
155,25713,0.443295,0.015623,0.451960,0.006535,0.203070,0.004796,1744.485596,53.350643,240.322906,36,0
156,19825,0.468554,0.018021,0.465673,0.007321,0.224473,0.005741,1638.680542,53.765671,154.666763,36,0
157,22532,0.469551,0.016592,0.465630,0.006594,0.204250,0.004864,1482.368896,44.661888,193.300140,36,0
158,19163,0.368827,0.013394,0.447324,0.005796,0.190681,0.004009,1840.892700,60.321373,242.614410,36,0
159,21820,0.449439,0.016485,0.457192,0.006682,0.206040,0.004890,1668.914917,53.641113,209.316223,36,0
160,18225,0.481011,0.017788,0.464928,0.007006,0.210165,0.005591,1452.252197,46.262623,148.255646,36,0
161,2634,0.100000,0.017788,0.800000,0.007006,0.300000,0.005591,508.399994,46.262623,148.255646,36,-1
162,18013,0.464644,0.020087,0.427611,0.009105,0.213656,0.006652,1452.567505,54.445518,156.398407,36,0
163,19418,0.487975,0.019386,0.450955,0.008539,0.212960,0.005587,1608.284546,50.001621,189.335449,36,0
164,19601,0.394533,0.014772,0.475761,0.005813,0.203883,0.004475,1645.214844,54.433834,205.870743,36,0
165,19053,0.485500,0.017212,0.436635,0.007059,0.197581,0.005237,1568.790527,48.105297,200.270538,36,0
166,18343,0.486059,0.020932,0.431036,0.009764,0.221158,0.007100,1471.042114,54.124798,158.421692,36,0
167,19978,0.520328,0.019014,0.452320,0.007865,0.202106,0.005614,1290.160034,39.192524,159.409897,36,0
168,20281,0.441877,0.018061,0.467135,0.007805,0.220650,0.005797,1453.381348,51.024788,145.348206,36,0
169,16656,0.431869,0.015000,0.443944,0.005851,0.183631,0.004217,1503.575684,46.481548,251.718430,36,0
170,17272,0.460134,0.020450,0.433344,0.009642,0.222700,0.006825,1474.472656,55.109394,202.645615,36,0
171,19498,0.423880,0.015653,0.465819,0.006429,0.197339,0.004828,1483.745239,48.221512,180.000183,36,0
172,19194,0.505945,0.020298,0.406134,0.008924,0.183788,0.005677,1144.264038,38.891853,192.798111,36,0
173,19740,0.394081,0.016895,0.434046,0.007450,0.207497,0.005098,1608.089111,60.846558,199.201691,36,0
174,16949,0.540555,0.026013,0.408624,0.011647,0.223310,0.009041,1275.857544,53.686222,152.522842,36,0
175,13444,0.432374,0.019259,0.460518,0.008146,0.205541,0.006094,1103.700684,43.254303,105.834259,36,0
176,17069,0.383958,0.017105,0.444962,0.007497,0.203240,0.005254,1380.868286,53.838074,153.755127,36,0
177,15111,0.360428,0.015210,0.455071,0.006815,0.193939,0.004606,1417.481079,53.533981,206.454330,36,0
178,13641,0.398255,0.019606,0.441760,0.009212,0.214287,0.006650,1252.173706,54.726543,136.556824,36,0
179,15575,0.466735,0.021564,0.459254,0.009077,0.217785,0.006848,1069.921753,42.217659,112.872849,36,0
180,15052,0.353795,0.014861,0.445966,0.006624,0.194113,0.004795,1576.004150,60.674427,187.387283,36,0
181,19630,0.301021,0.012907,0.478184,0.005395,0.194588,0.004151,1729.189575,68.382935,161.526505,36,0
182,15194,0.347082,0.014813,0.359676,0.007668,0.144517,0.003960,1382.945312,58.891083,316.154694,36,0
183,16226,0.394628,0.015957,0.451119,0.006712,0.200275,0.005106,1565.612549,56.868954,154.374969,36,0
184,19211,0.384503,0.014999,0.453047,0.006122,0.193319,0.004831,1613.260132,57.534386,172.855972,36,0
185,15920,0.354150,0.015251,0.440475,0.006892,0.196154,0.004981,1639.664062,64.395966,208.103012,36,0
186,25399,0.337432,0.012814,0.464728,0.005434,0.203080,0.004397,2242.416016,78.297554,205.733231,36,0
187,17981,0.380120,0.014103,0.463052,0.005603,0.195613,0.004362,1744.250977,58.769459,190.055481,36,0
188,19255,0.365488,0.013599,0.437105,0.006048,0.190677,0.004287,1985.387573,68.060303,240.706009,36,0
189,17567,0.386476,0.014980,0.465198,0.005943,0.196737,0.004585,1571.954590,54.846081,177.807068,36,0
190,2291,0.100000,0.014980,0.800000,0.005943,0.300000,0.004585,433.000000,54.846081,177.807068,36,-1
191,20461,0.473228,0.015512,0.374137,0.007026,0.160796,0.004325,1620.618652,49.395172,284.584869,36,0
192,18477,0.398929,0.013274,0.361449,0.006402,0.145529,0.003425,1817.306030,59.296585,371.431793,36,0
193,19709,0.388132,0.013434,0.454209,0.005405,0.190747,0.004083,1893.859741,59.207455,203.745956,36,0
194,20204,0.346450,0.012788,0.448607,0.005644,0.189259,0.003995,1974.144531,67.195442,254.688782,36,0
195,20757,0.422984,0.017020,0.468875,0.006898,0.215932,0.005563,1563.979858,55.594231,169.902542,36,0
196,18901,0.334932,0.013096,0.464974,0.005587,0.205450,0.004319,2193.332275,78.570633,262.738434,36,0
197,19952,0.358883,0.012256,0.458147,0.004738,0.184337,0.003737,2030.275879,63.683838,231.459595,36,0
198,20729,0.343885,0.011505,0.463360,0.004791,0.191342,0.003551,2306.464600,70.586761,200.106339,36,0
199,20692,0.379963,0.012404,0.445892,0.004998,0.181465,0.003634,2053.088867,60.919048,262.449768,36,0
200,21474,0.368184,0.013445,0.465776,0.005641,0.197005,0.004348,1944.998657,64.961952,223.942627,36,0
201,22205,0.383257,0.012106,0.404106,0.005407,0.164473,0.003390,2172.887451,63.409943,389.896667,36,0
202,19673,0.374259,0.013509,0.466479,0.005630,0.199046,0.004222,1893.405151,61.516548,171.985199,36,0
203,22010,0.376765,0.013904,0.455788,0.006288,0.212797,0.004704,2218.543945,73.830864,236.749420,36,0
204,19781,0.354134,0.014084,0.455329,0.006306,0.205845,0.004465,2062.142334,76.503113,222.771591,36,0
205,20494,0.406313,0.015348,0.430147,0.006877,0.201530,0.005068,1980.904419,67.119522,235.586212,36,0
206,20823,0.336880,0.011736,0.464814,0.004788,0.193641,0.003713,2341.835693,74.935135,274.436401,36,0
207,19276,0.356651,0.012873,0.450852,0.005664,0.193510,0.004082,2056.658203,67.661621,261.184967,36,0
208,24451,0.383852,0.012395,0.458406,0.005103,0.194215,0.003860,2177.880127,63.472328,276.317627,36,0
209,22865,0.363669,0.011704,0.453502,0.005035,0.191664,0.003782,2190.835205,66.186798,282.593384,36,0
210,19435,0.352175,0.012736,0.467516,0.005178,0.196331,0.003867,2031.770142,67.458191,204.867386,36,0
211,21280,0.380417,0.011978,0.452462,0.004632,0.180528,0.003447,2073.654541,59.534420,274.900269,36,0
212,21898,0.411361,0.014532,0.448195,0.006326,0.203680,0.004664,1997.398926,62.231106,228.069504,36,0
213,23391,0.382063,0.012754,0.452652,0.005514,0.199597,0.004053,2329.067139,69.902481,250.631775,36,0
214,19648,0.414156,0.013910,0.335379,0.006730,0.130970,0.003161,1606.502075,56.901985,501.767120,36,0
215,4780,0.100000,0.013910,0.800000,0.006730,0.300000,0.003161,892.200012,56.901985,501.767120,36,-1
216,25376,0.435386,0.013420,0.370194,0.006309,0.157506,0.003550,2148.194580,61.179016,450.461365,36,0
217,23298,0.425777,0.013778,0.469171,0.005306,0.200564,0.004301,1999.684692,57.349339,168.325729,36,0
218,20873,0.368801,0.016772,0.577064,0.007044,0.297785,0.006514,2123.837891,85.542519,71.246025,36,0
219,25849,0.409951,0.014160,0.366942,0.007485,0.168934,0.003918,2291.150391,70.303055,416.795013,36,0
220,20084,0.362895,0.014173,0.455966,0.006470,0.206094,0.004647,1959.202026,69.717102,205.221237,36,0
221,26764,0.366782,0.013522,0.456061,0.006151,0.208683,0.004445,2223.834473,73.570045,257.231323,36,0
222,20864,0.409799,0.013329,0.438858,0.005497,0.186079,0.003937,2005.078247,58.772636,225.218491,36,0
223,23047,0.429620,0.014070,0.430192,0.006095,0.187896,0.004357,2015.826172,58.721367,232.482178,36,0
224,26859,0.326312,0.012308,0.468446,0.005581,0.209426,0.004186,2391.744141,82.856453,212.627457,36,0
225,22173,0.394584,0.014331,0.416115,0.006154,0.176022,0.004200,1765.584717,59.201660,291.323822,36,0
226,20034,0.356345,0.012385,0.451794,0.005268,0.190834,0.003802,2212.568604,70.661858,251.333527,36,0
227,20565,0.374731,0.014013,0.464427,0.005760,0.206819,0.004393,1903.416626,65.016373,227.155243,36,0
228,19636,0.406491,0.015195,0.431560,0.006980,0.199776,0.004953,1949.000244,65.114128,222.062439,36,0
229,55760,0.360275,0.011405,0.459199,0.004939,0.193920,0.003595,2465.657959,71.240692,227.676163,36,0
230,24590,0.353984,0.012558,0.466005,0.005189,0.196636,0.003976,2129.612793,69.129669,245.977707,36,0
231,24537,0.389482,0.013097,0.445140,0.005753,0.193749,0.004068,2121.961426,64.015335,266.468201,36,0
232,18923,0.350971,0.014166,0.466920,0.006482,0.215404,0.004784,2014.196655,73.210068,169.612030,36,0
233,31940,0.403121,0.012114,0.434208,0.005112,0.181976,0.003570,2278.489014,62.150188,292.892761,36,0
234,21375,0.335168,0.011937,0.463306,0.004886,0.190581,0.003627,2132.552246,69.935287,199.095596,36,0
235,17996,0.399903,0.015759,0.448213,0.007206,0.209280,0.005227,1787.145874,62.511166,150.527466,36,0
236,23533,0.428555,0.015740,0.414457,0.007345,0.198860,0.005108,2100.344238,68.086395,209.671188,36,0
237,19567,0.392070,0.013185,0.432820,0.005544,0.180064,0.003886,1925.818604,59.258224,231.019470,36,0
238,19960,0.385886,0.013949,0.459824,0.005832,0.201590,0.004576,1962.523438,65.073547,172.462433,36,0
239,23074,0.322040,0.011927,0.474585,0.005123,0.201507,0.003861,2256.984863,76.573654,236.282135,36,0
240,20044,0.347979,0.012859,0.466780,0.005359,0.200541,0.004140,2052.670166,69.415115,206.986191,36,0
241,23074,0.364736,0.011478,0.453255,0.005121,0.190264,0.003826,2128.748779,63.615929,207.044998,36,0
242,20365,0.328867,0.011936,0.452779,0.005299,0.192915,0.003931,2230.568359,74.907547,223.229904,36,0
243,21830,0.342449,0.011672,0.454794,0.004809,0.190486,0.003673,2338.715088,73.768227,269.011108,36,0
244,18417,0.331796,0.014280,0.495389,0.006412,0.232968,0.005118,2080.572266,81.363983,147.575012,36,0
245,61538,0.421364,0.017988,0.485012,0.007980,0.242279,0.006231,1733.520630,63.645874,128.739426,36,0
246,20551,0.380818,0.012863,0.467678,0.005196,0.200104,0.004111,2083.521484,64.012238,175.345901,36,0
247,22771,0.396158,0.014602,0.437352,0.006476,0.198065,0.004630,1941.414551,64.174416,276.396179,36,0
248,1476,0.100000,0.014602,0.800000,0.006476,0.300000,0.004630,281.799988,64.174416,276.396179,36,-1
249,21385,0.310983,0.011292,0.505477,0.004869,0.207769,0.003789,2315.831787,77.205933,183.613159,36,0
250,19339,0.373477,0.014610,0.473535,0.006225,0.213245,0.004786,1847.411621,65.307320,157.062866,36,0
251,21566,0.436442,0.016817,0.434270,0.007733,0.204506,0.005638,1762.118774,61.420807,188.345688,36,0
252,19684,0.376929,0.014296,0.463229,0.006177,0.209131,0.004622,1956.843018,66.653542,203.483429,36,0
253,19536,0.345366,0.013628,0.432989,0.006413,0.198833,0.004739,2244.930664,81.667519,248.847931,36,0
254,20454,0.331657,0.012828,0.467520,0.005592,0.200474,0.004292,2121.355225,76.252159,192.737976,36,0
255,21591,0.392196,0.014712,0.463896,0.006038,0.199659,0.004576,1677.998169,56.380951,150.151016,36,0
256,19268,0.451067,0.016688,0.450748,0.006915,0.210923,0.005229,1730.770630,55.557602,164.496124,36,0
257,22064,0.467705,0.018106,0.419980,0.007843,0.190720,0.005262,1629.726318,52.282150,173.492004,36,0
258,19068,0.416881,0.014552,0.456082,0.005818,0.195943,0.004578,1776.436157,55.928883,174.360611,36,0
259,22847,0.367030,0.015010,0.435101,0.007146,0.212655,0.005305,2163.743652,80.429970,262.292633,36,0
260,17940,0.388270,0.015841,0.435778,0.006572,0.195501,0.004946,1616.855835,59.718517,211.961090,36,0
261,20292,0.354957,0.014007,0.479015,0.006099,0.220750,0.004821,2050.926025,73.542702,153.699219,36,0
262,17736,0.392455,0.014392,0.443304,0.006006,0.189513,0.004398,1736.602051,57.582111,197.261032,36,0
263,18835,0.345755,0.012848,0.405169,0.006286,0.169681,0.003848,1986.814453,70.068512,317.551361,36,0
264,18186,0.387578,0.014662,0.459537,0.005905,0.193811,0.004517,1589.631470,54.341156,142.231491,36,0
265,12830,0.394812,0.015170,0.341231,0.005573,0.110298,0.002618,882.726501,41.756683,361.162689,36,0
266,17634,0.292477,0.015659,0.673251,0.006330,0.312329,0.006040,1960.705078,93.921455,92.150719,36,0
267,14789,0.453393,0.017510,0.319895,0.007747,0.125938,0.003617,1104.381592,43.395065,381.946381,36,0
268,15386,0.389127,0.016101,0.453582,0.006699,0.195307,0.005020,1383.217041,51.614071,172.378616,36,0
269,15648,0.291786,0.013515,0.495001,0.005774,0.207131,0.004561,1632.475708,69.976852,161.503693,36,0
270,14771,0.375791,0.016553,0.384428,0.008118,0.164405,0.004696,1415.261108,57.806213,316.627472,36,0
271,19829,0.316641,0.012055,0.442039,0.005275,0.177686,0.003584,1912.966919,68.312752,247.273300,36,0
272,14880,0.361704,0.015136,0.472318,0.006244,0.201468,0.004797,1501.752563,56.867653,126.788109,36,0
273,19192,0.350049,0.012719,0.446399,0.005362,0.183271,0.003885,1918.496582,64.043251,244.225052,36,0
274,15580,0.359714,0.014417,0.468716,0.005735,0.194802,0.004436,1577.960449,57.398014,183.406952,36,0
275,18768,0.352491,0.013281,0.464955,0.005743,0.201168,0.004161,1956.197144,66.724945,207.881317,36,0
276,19561,0.381037,0.014032,0.460594,0.005919,0.203511,0.004520,1947.614990,64.244377,213.736603,36,0
277,18480,0.292871,0.011561,0.481620,0.005060,0.201119,0.003852,2274.190918,82.996895,188.955124,36,0
278,16087,0.408629,0.017205,0.457535,0.007896,0.211945,0.005617,1475.313232,54.110847,159.364807,36,0
279,19954,0.519780,0.021643,0.325613,0.009286,0.130227,0.004415,781.814392,34.320477,373.449615,36,0
280,18714,0.322886,0.011937,0.479046,0.004969,0.198634,0.003769,2172.489014,73.431442,247.145615,36,0
281,20172,0.320465,0.011603,0.441873,0.005202,0.187961,0.003777,2429.009277,82.201256,283.159363,36,0
282,18122,0.379702,0.014080,0.457731,0.005806,0.198912,0.004315,1810.722534,60.285294,198.222473,36,0
283,21239,0.370274,0.012153,0.444102,0.005324,0.178809,0.003496,2075.121582,60.974606,282.964172,36,0
284,21652,0.347019,0.011479,0.463434,0.004588,0.185048,0.003389,2203.492676,66.659859,290.235260,36,0
285,24501,0.355713,0.013098,0.460067,0.005989,0.206751,0.004288,2217.914551,73.584030,226.193756,36,0
286,21410,0.370356,0.011782,0.456652,0.004448,0.189813,0.003572,2262.899414,66.544411,220.202118,36,0
287,21418,0.330313,0.011944,0.435986,0.005427,0.185133,0.003818,2344.528809,78.351059,273.436615,36,0
288,19962,0.355730,0.013775,0.465310,0.006111,0.210141,0.004617,2088.300293,73.365875,212.248352,36,0
289,22512,0.350885,0.011715,0.455616,0.004902,0.189759,0.003655,2348.248779,71.918449,274.423676,36,0
290,20540,0.421385,0.015158,0.413460,0.007239,0.191722,0.004789,2028.164551,63.996498,266.002991,36,0
291,21680,0.393808,0.013073,0.465265,0.005461,0.201250,0.004070,2123.071045,62.608242,235.359665,36,0
292,22543,0.362607,0.011706,0.365375,0.005627,0.139407,0.002926,1958.080566,65.024414,489.395111,36,0
293,22083,0.338495,0.011199,0.464716,0.004762,0.192904,0.003524,2466.582275,74.610054,276.103180,36,0
294,22772,0.343086,0.012060,0.467855,0.005178,0.197748,0.003797,2233.052490,71.254578,245.513000,36,0
295,25422,0.357330,0.012263,0.449215,0.005320,0.191439,0.003855,2270.082764,71.477356,262.124634,36,0
296,24129,0.376347,0.013179,0.390880,0.006666,0.175438,0.004015,2454.473633,81.812233,430.743378,36,0
297,20108,0.357644,0.011641,0.468301,0.004465,0.185362,0.003415,2139.235352,63.178753,258.664032,36,0
298,21124,0.436090,0.015241,0.456254,0.006356,0.204362,0.004787,1745.842773,54.137829,162.990112,36,0
299,24764,0.388028,0.012619,0.452127,0.005178,0.194859,0.003722,2238.935547,64.605659,257.250305,36,0
300,21204,0.326078,0.010526,0.481228,0.004024,0.184479,0.003007,2381.055176,70.587471,303.688049,36,0
301,27073,0.404854,0.013171,0.437684,0.005761,0.193115,0.004101,2189.970215,63.929295,260.609283,36,0
302,26842,0.373704,0.013239,0.498643,0.005379,0.214567,0.004218,1987.771484,62.712460,134.332962,36,0
303,22540,0.385566,0.013135,0.454504,0.005509,0.205195,0.004144,2333.741455,71.427376,285.283386,36,0
304,24662,0.308283,0.010569,0.471994,0.004672,0.195999,0.003335,2663.716553,84.258057,328.967285,36,0
305,22036,0.366238,0.013000,0.424174,0.005965,0.182992,0.003884,2151.548340,68.974594,320.537537,36,0
306,24144,0.366683,0.011741,0.465569,0.004960,0.199358,0.003495,2448.222656,70.363068,303.769623,36,0
307,25734,0.347058,0.012271,0.453824,0.005618,0.206027,0.004164,2517.189697,82.292099,219.230850,36,0
308,20354,0.353873,0.012102,0.463851,0.004935,0.191323,0.003486,2098.922852,64.953247,259.269836,36,0
309,24839,0.426866,0.013802,0.441111,0.005968,0.199247,0.004206,2234.056885,63.299038,293.758881,36,0
310,21360,0.395235,0.013463,0.460190,0.005708,0.207032,0.004258,2194.765625,66.449921,215.914200,36,0
311,24181,0.387621,0.011955,0.450928,0.004955,0.189843,0.003626,2399.207764,66.339050,274.914154,36,0
312,19014,0.328324,0.011534,0.466085,0.004815,0.186069,0.003630,2141.013428,69.684540,203.998291,36,0
313,23834,0.389132,0.013963,0.440136,0.006347,0.199978,0.004488,2286.036621,71.643562,252.445023,36,0
314,22621,0.349667,0.011350,0.450045,0.004553,0.185830,0.003347,2455.760010,72.219963,325.944427,36,0
315,24161,0.441161,0.013580,0.412660,0.005435,0.181051,0.003824,2123.951904,59.036449,324.379181,36,0
316,22425,0.388245,0.011572,0.456713,0.004389,0.182338,0.003319,2226.830322,60.438244,246.504379,36,0
317,25513,0.340322,0.010617,0.469519,0.004119,0.183647,0.003102,2425.534668,69.301971,284.456573,36,0
318,27343,0.356831,0.014248,0.452616,0.006661,0.213459,0.004956,2182.911377,79.083382,206.041580,36,0
319,23567,0.362263,0.012233,0.433581,0.005779,0.192160,0.003910,2494.406006,76.645981,343.903839,36,0
320,22651,0.423557,0.016702,0.454137,0.007746,0.234753,0.005899,2101.979004,72.857101,173.678726,36,0
321,23094,0.407335,0.012754,0.457075,0.005134,0.193482,0.003783,2127.094971,59.169174,216.983414,36,0
322,24268,0.381564,0.012788,0.450770,0.005334,0.189165,0.003881,2036.613037,61.630138,240.853607,36,0
323,22430,0.347851,0.012216,0.472165,0.005424,0.212275,0.004093,2521.384033,79.741692,254.169434,36,0
324,24633,0.323160,0.011306,0.449693,0.005155,0.190941,0.003585,2546.008301,81.729744,276.025787,36,0
325,22013,0.413038,0.014514,0.456842,0.006090,0.205755,0.004744,2002.163330,62.667782,195.858429,36,0
326,23313,0.427157,0.013226,0.450877,0.005513,0.194976,0.003943,2101.648682,57.084068,199.637054,36,0
327,21576,0.352677,0.012068,0.455779,0.005256,0.191513,0.003714,2214.635498,68.827644,218.265640,36,0
328,21378,0.352691,0.011696,0.449217,0.004932,0.189924,0.003719,2366.435059,72.959526,253.609726,36,0
329,22925,0.388464,0.013134,0.448208,0.005381,0.189570,0.004048,2050.704346,62.671455,215.486557,36,0
330,22991,0.361201,0.012451,0.458366,0.005208,0.193971,0.003789,2205.778320,69.616890,236.683182,36,0
331,22198,0.352464,0.013614,0.468349,0.005741,0.204234,0.004469,2155.341553,80.399216,191.528259,36,0
332,22921,0.430158,0.015478,0.428868,0.006815,0.197382,0.004626,1990.589478,64.082420,228.160629,36,0
333,25283,0.387032,0.012880,0.441520,0.005819,0.192788,0.004060,2228.979736,66.596367,244.566940,36,0
334,21634,0.333288,0.010578,0.466378,0.003872,0.177661,0.003027,2378.808594,69.980812,256.745911,36,0
335,23206,0.374892,0.014391,0.450856,0.006839,0.213268,0.004938,2117.616699,72.851677,193.192505,36,0
336,23004,0.455169,0.016314,0.415641,0.007646,0.205381,0.005286,2111.126221,65.437210,245.777466,36,0
337,23410,0.386312,0.013493,0.434948,0.006101,0.195415,0.004321,2175.046387,68.431221,264.096191,36,0
338,22028,0.406908,0.013808,0.420780,0.005672,0.174452,0.003903,1826.803711,56.316929,273.151337,36,0
339,21104,0.382981,0.012738,0.465174,0.005247,0.195559,0.003928,2034.746582,60.884956,206.430878,36,0
340,21755,0.386823,0.013022,0.450751,0.005487,0.193195,0.004045,2110.274902,63.708580,226.969345,36,0
341,25159,0.361884,0.012312,0.459473,0.005329,0.202057,0.004010,2373.281738,73.917053,234.608078,36,0
342,21288,0.378067,0.013168,0.454025,0.005177,0.189756,0.003922,1925.216675,60.526192,230.457123,36,0
343,23996,0.326641,0.011070,0.454613,0.004813,0.190595,0.003590,2616.686523,82.250404,298.539307,36,0
344,22451,0.342818,0.012021,0.452892,0.005115,0.181986,0.003503,2002.857300,64.403038,326.828156,36,0
345,19917,0.359189,0.012357,0.461970,0.004909,0.188918,0.003691,1980.849121,62.429771,231.192291,36,0
346,21844,0.366409,0.012970,0.453739,0.005423,0.197576,0.004201,2277.003418,73.850998,182.978592,36,0
347,28384,0.349169,0.012432,0.443766,0.005706,0.189951,0.003924,2179.036377,70.880760,235.391495,36,0
348,22713,0.372208,0.013773,0.460903,0.006089,0.209574,0.004786,1922.546265,66.716156,187.495300,36,0
349,52283,0.439924,0.014362,0.386796,0.006646,0.170213,0.004157,2045.152344,60.436737,316.138916,36,0
350,4781,0.100000,0.014362,0.800000,0.006646,0.300000,0.004157,918.200012,60.436737,316.138916,36,-1
351,20950,0.351044,0.012954,0.445355,0.005642,0.188178,0.004144,1939.243530,66.209518,214.045212,36,0
352,30199,0.355226,0.012831,0.444512,0.005591,0.184699,0.003916,1946.551758,64.357346,206.360504,36,0
353,27140,0.379829,0.015902,0.398587,0.008392,0.196792,0.005474,2106.487549,79.408478,253.649704,36,0
354,21624,0.305793,0.012302,0.461522,0.005849,0.201179,0.004130,2133.210205,78.749634,223.202621,36,0
355,19801,0.293913,0.012879,0.454493,0.006052,0.189276,0.004127,1763.396240,72.263298,187.645615,36,0
356,21013,0.329078,0.012589,0.431798,0.006105,0.186558,0.004151,2147.275391,76.154228,207.720947,36,0
357,15619,0.304397,0.013275,0.459847,0.005982,0.196427,0.004450,1862.607300,75.330849,170.704865,36,0
358,20491,0.296326,0.013612,0.460791,0.006550,0.207068,0.004813,1947.657715,82.984100,178.334885,36,0
359,20377,0.283973,0.012669,0.440367,0.005813,0.178247,0.004061,1768.581299,74.617630,232.962143,36,0
