pmt,amax,taumax,amin,taumin,eamax,etaumax,eamin,etaumin,npoints,nfitpoints,chi2,ndof,voltage
0,0.45144744441041,259833626.62387726,0.24745717455283495,172.74135406514554,0.0057025269020044,1.9349939751474054e-11,0.004015169963429702,9.388707762605796,40,40,0.21947948215066554,36,1871.0
1,0.5408662894482709,4418.202974996973,0.1567824509080294,183.70179731900734,0.16106550962016192,10633.046713905784,0.15728197584609122,141.77199486642948,40,40,0.2858048647932538,36,1714.0
2,0.24651388626700435,8306432528.492222,0.9999999999999999,4.699477503181888,0.024945094908134038,2.336328371301218e-16,9.58107122084178,15.941179533567656,40,40,73.73186524415966,35,1679.0
3,0.4039142325286785,480829679.79486597,0.21627090904826873,162.96675982155733,0.004891954636000603,4.702178550975083e-12,0.003438790160178024,9.014884879153124,40,40,0.23034897622183528,36,1881.0
4,0.5693379222579288,2783.158977543057,0.14698780370166903,166.2383754069371,0.18797893546767855,4957.241524448724,0.1825543862957938,162.26749272131963,40,40,0.5033643136519564,36,1533.0
5,0.5047557736887978,209643055.6979516,0.2353898852541133,313.88083377054846,0.020482604379556117,3.781464186345775e-10,0.01780445907376558,45.913048060258625,40,40,0.29076346623892346,36,1475.0
6,0.5625804411168854,3770.127612684846,0.13626300956044907,147.85077095641736,0.08607226469761865,4623.710332527648,0.08245437380055028,78.43543959906923,40,40,0.31289064745677075,36,1705.0
7,0.38983555375724127,77075.70974991031,0.11064428784151618,81.16156091044273,0.018501708223398982,872258.1442093537,0.015552707043661856,18.440696513746683,40,40,0.28526012494798747,36,1602.0
8,0.36888028121841,670755169.7930428,0.269846697102717,218.98178549545563,0.012315520512563,4.230379863514129e-12,0.00978725409742742,19.416638188325443,40,40,0.2795308366257006,36,1740.0
9,0.4898492844112744,2857499.540699839,0.209754384216633,259.4811530237123,0.4756189164417962,11597465724.340628,0.470661077935814,410.345062939936,40,40,0.3912228524515069,36,1662.0
10,0.4707487191072227,1305347250.103405,0.22523605564764926,203.09763649538948,0.00852312760618401,3.3755467346821885e-12,0.006222675243508415,16.495734770929186,40,40,0.29094900868283846,36,1757.0
11,0.3864643717246388,82786353.75300525,0.23552799409968622,203.79547155101548,0.007413396028394204,2.776033900820069e-10,0.005596695977097955,13.310420572745072,40,40,0.21621895920078893,36,1818.0
12,0.4518093026515217,29886722.19835455,0.2757551459797325,322.99102665401216,0.06818805098532836,4.098512856614692e-08,0.06028408914998441,130.67290022720968,40,40,1.9817520832870743,36,1688.0
13,0.4910264822770153,311925649.0401806,0.24832430780916118,303.73088552872616,0.01329276394877132,8.53853941981713e-11,0.011513596256814002,27.537309934644927,40,40,0.13305811316573457,36,1679.0
14,0.3670889529304598,384477302.46055144,0.25033248003649483,245.83846860943095,0.01153160951835492,1.932777631119067e-11,0.009485002527553212,20.860801277989392,40,40,0.1776580804578789,36,1727.0
15,0.3694147141545268,89156654.77344857,0.251616031408798,185.11997670493915,0.008376864451387089,1.839598826369239e-10,0.006254744608982303,13.398020051951827,40,40,0.25929046714606174,36,1821.0
16,0.4417133286187412,274749993.51353675,0.2599796183330565,316.9251460990556,0.016332213706067245,1.260998588160042e-10,0.014405412958289548,32.76149883104395,40,40,0.23487703898946727,36,1625.0
17,0.5191173484336249,356324454.31008977,0.18274712777826277,267.3708440736182,0.018304744204610965,1.3204294381158597e-10,0.015087779844120571,48.87782393659442,40,40,0.32288237933255926,36,1447.0
18,0.33124005484163904,420301877.79373235,0.30495332070100245,441.30608360546825,0.04220483880576136,1.2559209923466714e-10,0.03989700117838482,86.75478332493309,40,40,0.34449993634109444,36,1813.0
19,0.511137937566823,1626.347971843486,0.09558469449028087,67.81388751101126,0.012117299069341449,211.420178865133,0.009932576841167554,12.28171433242631,40,40,0.13617359584966945,36,1852.0
20,0.4351860939811854,139026476.0543532,0.22996013322412837,232.69515099402125,0.011304362612542201,2.2448386564773873e-10,0.008960054872424322,22.092744850801274,40,40,0.2757761761194422,36,1787.0
21,0.45133933709790647,291741472.1045288,0.25681488886265763,280.847254601608,0.011740282245371936,5.848008919938595e-11,0.009975775215029252,22.46639021931157,40,40,0.15573550127963626,36,1792.0
22,0.5735221776893545,1785.3517519520326,0.12122324662888642,105.8175342790921,0.05252200174016904,764.0065041197896,0.04824218076981734,44.79411617229826,40,40,0.2909463781208429,36,1748.0
23,0.35453354201870957,1943605151.7684565,0.09326189657393254,65.03156216339434,0.0012878538894397957,8.575023733938344e-14,0.004077016749044394,4.7060942520431555,40,40,0.2550096448485688,36,1694.0
24,0.39961717431828764,91976348.19991477,0.2507151823719738,347.51851674199287,0.022867381181043794,1.8193954609693773e-09,0.02065587374664485,49.878943294787256,40,40,0.19160727015617487,36,1543.0
25,0.5033832851528286,8272.717441437606,0.19418729691717007,220.47723160353334,0.2457395343226748,54242.33327153168,0.24214871141189195,198.19679544273282,40,40,0.2046907325509895,36,1747.0
26,0.5340363826201364,2728.6204451975036,0.1590224135116164,189.57625198648918,0.1711577167676571,4187.548982977719,0.16779390396859614,144.49560955658552,40,40,0.31531781250451907,36,1734.0
27,0.408967201094458,3704.3036686776572,0.16415278251030568,140.8477216007678,0.07408070814154721,5514.268701215183,0.07107561546072882,53.65209231192475,40,40,0.3821404555697496,36,1727.0
28,0.4239282464503706,496961769.7978074,0.24363046148167594,218.13280671170585,0.010943035952085645,1.2993435860480189e-11,0.008555020292542542,19.424148171019734,40,40,0.2651275841656817,36,1775.0
29,0.33577782255815475,6347610657.541028,0.08058188287228735,41.85894438006107,0.0020295018751952513,2.9034577370524803e-13,0.01326920085916607,7.3640865396093425,40,40,0.8227253662919705,36,2000.0
30,0.6266607699355068,1523.0979256475462,0.04696307131449658,68.64029187307045,0.01591827666616526,195.36063643046157,0.012786297940995428,33.75177341636857,40,40,0.2288591138514163,36,1638.0
31,0.5302746566804089,16001871.60949116,0.17002955972041478,318.4938556511669,0.02459241027695892,1.5737004841049858e-07,0.021523284352038683,76.57012639584276,40,40,0.24196138189837055,36,1620.0
32,0.45949438636073014,4107.139061502441,0.1621357999906348,131.31481889399558,0.05908892800418568,5057.523235231504,0.056085463595377735,42.53442608710947,40,40,0.18142292503147808,36,1872.0
33,0.4214714360959942,1029561091.8256606,0.23382113450040085,277.34711821437537,0.012083521580348783,6.363332818270951e-12,0.010284750524588368,25.02473638175798,40,40,0.21199551014464862,36,1607.0
34,0.48015070843939145,83954705.09520821,0.226717149958235,307.54349199790306,0.02194654203147595,2.3288988323255154e-09,0.019095263816235008,50.13100710658624,40,40,0.35756750582022206,36,1639.0
35,0.45080259850333854,7338.664745732764,0.18859463018594508,172.75338051447747,0.12480285840031355,28985.652262801395,0.12143850115475165,89.88476138273519,40,40,0.26068767492287453,36,1739.0
36,0.41293718238638843,4705.47692234217,0.15312272085198794,105.30018944994103,0.03505185508903507,5061.230853292167,0.03204008908247171,25.04253752301809,40,40,0.18678274683308427,36,1745.0
37,0.46522139729654166,89318133.69681738,0.23219800959914724,258.89092662280547,0.010076427523674061,6.373075693757288e-10,0.008326393516433375,20.502636028142987,40,40,0.17010856450892098,36,1479.0
38,0.4358596386711223,1810386.5048839226,0.24297996198310268,298.5738804256473,0.47762146597525557,4710967223.013431,0.4741572951831863,392.03122617877057,40,40,0.24621734933383393,36,1719.0
39,0.45954628284907295,258411882.11818108,0.2572962465232189,347.46708407043633,0.03537626935953765,3.7563804208301693e-10,0.031800981468184567,75.64219092203942,40,40,0.4310314465881292,36,1660.0
40,0.6417799281307602,1812.71105368187,0.13147645060117383,117.23724025627735,0.04636815222934165,575.6054188080883,0.04305372436736692,38.234796574436274,40,40,0.19202625418198938,36,1833.0
41,0.6889385046326163,1730.6127769355162,0.06090695944466726,74.43897189861956,0.015262332767757835,210.10498883346253,0.012374498560100368,25.698914281482086,40,40,0.1547420894086171,35,1711.0
42,0.6533751874035268,1253.7468370860765,0.037745569372280116,34.29050164531939,0.0048316006375716935,49.783007390829745,0.0100208852627125,15.617992351507725,40,40,0.28605131577144655,36,1750.0
43,0.5992369669090919,2134.2468184034037,0.06990060219744519,114.04545597154764,0.05679272582545036,1075.531625591229,0.05252077316696039,88.38010246209595,40,40,0.2381625225059406,36,1654.0
44,0.527417797175307,1824.5947645820552,0.09488862854539132,85.73486826612967,0.023070616594521955,432.1285608616422,0.019986867625760796,24.41336844324656,40,40,0.1760346565697794,36,1570.0
45,0.40363056165305294,956301232.5441946,0.26417855623563663,221.1244992207001,0.011600105459257864,3.223504120853835e-12,0.008812178036835478,19.563823994774808,41,41,0.3366052112999627,37,1794.0
46,0.37636109469731827,18028.596645475725,0.11984085512204858,99.729421116798,0.029844383751881632,71682.33720545667,0.026649489450625046,28.13674628104873,41,41,0.2892758873644063,37,1679.0
47,0.17615991523063834,4638685118.774876,0.14184030529627517,4233676645.8971725,875342.6225374673,0.00024100393034913326,875342.6250602175,0.00027662292971664424,41,41,4.365713692289024,34,1576.0
48,0.48033175675127765,212897318.62266207,0.24724520448299805,428.9839797120889,0.036160951610086395,1.1297786012124207e-09,0.033693706707138525,91.89064869371065,41,41,0.23348108605768822,37,1619.0
49,0.42210415113529565,385469709.7359188,0.24422250149220673,254.51430745788664,0.010266928190450235,2.4489544511816217e-11,0.008418401880382407,19.66576607004832,41,41,0.16901343817142384,37,1769.0
50,0.6164521233766234,1506.1132974605919,0.05505913423922799,30.353524588999246,0.004731070534705032,80.59219769609619,0.010408547685203932,9.799457730241723,41,41,0.3601712406860012,37,1712.0
51,0.36646534663571717,2136.109049565842,0.3526567854471271,2135.4735351829095,872047.8470535364,83866119.65342765,872047.8477868664,86984717.76138537,41,41,7.5828912903617,34,1000.0
52,0.5932745018039868,1879.5164665083162,0.07772294034791478,129.69325190918482,0.09107093280293554,1238.1791712452923,0.08670315021646789,128.71325717807085,41,41,0.4090566766869339,37,1664.0
53,0.5945497289952217,1384.1050538520622,0.08071715586938467,88.89799030840906,0.035250753371768744,326.054808743053,0.030917912953607903,43.092309686220624,41,41,0.4060018666229147,37,1738.0
54,0.39780575637847876,124712843.8330155,0.29552921037575647,389.5800384255673,0.03162826773654361,1.236124699770977e-09,0.029100318675828726,62.970403565160005,41,41,0.3098005112055413,37,1573.0
55,0.4855767794351579,768698375.8238865,0.07947227527317491,159.3898224750864,0.027336193863666692,7.383652963698869e-11,0.022068322404672984,118.67277530434157,41,41,8.26635128346066,37,1814.0
56,0.6292742313217068,1159.466628536013,0.04182691931371067,35.53858963729699,0.005552327020694709,53.04447956199924,0.008945588638945455,14.678351771419516,41,41,0.35423178413037015,37,1778.0
57,0.4936984824717146,2369.864439158331,0.13586846243249923,139.99951125987712,0.056650194319987045,1407.1280273257846,0.05422016646924413,48.436759623485244,41,41,0.18199826288576917,37,1433.0
58,0.47042169203434536,316184369.17729896,0.24603339624692003,335.03151021947485,0.024919010557098022,2.0155972043669516e-10,0.022068964418996626,55.1281960449754,41,41,0.2740631326476401,37,0.0
59,0.39357785765999265,328267199.0200278,0.22139183974848947,218.12890982008278,0.009758038278762487,2.930157929653187e-11,0.007649486684120746,19.055621458674047,41,41,0.2709671951380841,37,1868.0
60,0.7155082011284398,1209.3137555173907,0.011435832352916411,44.99406530042657,0.013361166716557373,109.68669618593694,0.013397613934496283,120.72525344292873,41,41,0.7153481039505052,37,1735.0
61,0.37858239421931994,11249125.629048327,0.30459039612844263,346.2354505670807,0.02469970547006711,8.125975030607968e-08,0.022337172987563776,44.00685013426113,41,41,0.29708492628037775,37,1725.0
62,0.5129127318257142,370238353.50504297,0.015809317086729825,40.65154052961309,0.006323597765851984,6.881782506028923e-10,0.039603905396821196,130.02747502461946,41,41,12.86381561811059,37,1738.0
63,0.6204640094103867,2142.269138113923,0.08890616935274072,128.94775647882096,0.07990103248733577,1357.8421743202525,0.07562262571038537,100.90745569996274,41,41,0.29729227456623836,37,1681.0
64,0.6230600282170459,1138.6732485523848,0.043624409176411506,90.97129403454393,0.031770047237361904,187.5872804134183,0.028513220332416166,68.3356528165103,41,41,0.22827538249803608,37,1627.0
65,0.5896931477180803,3389.7641016308453,0.10319673873349006,110.86672837468329,0.09975112290494945,4967.565368967098,0.09115159038157067,108.837554994015,41,41,1.0296251546318165,37,1736.0
66,0.4487788732426478,385148031.2611559,0.22460047962133284,237.70485727063675,0.010262710032265678,3.05012091540911e-11,0.008214696296066859,20.73674093814807,41,41,0.222299852004856,37,1646.0
67,0.426443262979951,277211192.0747114,0.19725560958455657,201.81720547302118,0.007760298230623115,4.175619471053304e-11,0.0058740315011293264,16.566057464979895,41,41,0.2253397544103627,37,1515.0
68,0.5419002958079764,300513836.99583983,0.174551494856132,254.08141976555532,0.01654267280735476,1.8828702335928468e-10,0.013237710777093833,45.56542945349363,41,41,0.37636407618985707,37,1708.0
69,0.41983455071439196,86121740.58871046,0.20599490808846432,213.4899375613916,0.006435563072422548,3.345306919883599e-10,0.0049892485561425755,13.360439082267273,41,41,0.13774662840779847,37,1819.0
70,0.47206829884070484,23812178.06749742,0.2316693032929169,280.50697718386624,0.016848281508294743,1.7837821597671953e-08,0.014263764362723233,35.85505944607664,41,41,0.2923248267997113,37,1691.0
71,0.37030189030932203,91320442.90408581,0.248639804837811,210.50700250698094,0.006826513143357228,1.8497227737150635e-10,0.005333552151219231,11.533314864554269,41,41,0.14556050047180738,37,1888.0
72,0.38641567452064357,1481040166.0917726,0.23604980219530386,197.96171439177957,0.0069362027281959625,6.625521919828794e-13,0.005199111129139912,12.249107929105136,41,41,0.15412368308034183,37,1819.0
73,0.3973353061098792,97444751.55454601,0.2801185505548704,276.4050629502091,0.020268175645992096,7.023116543090207e-10,0.017268176330731556,34.814494809060704,41,41,0.39636282462803313,37,1917.0
74,0.43949830013792635,73608750.54488479,0.256746251881208,283.80684738492545,0.015912361327770897,1.377836502500016e-09,0.013581429321614163,30.54041987366025,41,41,0.25905130327399445,37,1599.0
75,0.32345200327696033,174747851.12641466,0.31162310584109826,373.9105450379977,0.055508481894346144,7.189613431196425e-10,0.05072315556226721,102.1521437301998,41,41,0.6248440605178185,37,1837.0
76,0.4852989803568754,2248.5472517134003,0.1467934024600796,129.09370122498277,0.0649097231504508,1568.362358255386,0.06170898105253675,49.02817148843485,41,41,0.2379798539599182,37,1833.0
77,0.6262280379496116,3172.4656246514805,0.09045654424203878,177.5805040244519,0.12212875890423783,3625.483976931747,0.11895085536287553,180.14284410204323,41,41,0.19279624783257113,37,1423.0
78,0.5808074980079437,44908945.979230076,0.17885243913164117,305.9511884691215,0.01790490774785549,1.3133201864526661e-08,0.015505056566908582,51.90066420138667,41,41,0.23512718767566826,37,1622.0
80,0.5035681444759003,348872013.3674456,0.2302511784429806,318.58783611822724,0.02649085136655582,1.7077912423639668e-10,0.023234249432748624,60.75791032887903,41,41,0.4319298692416955,37,1590.0
81,0.4428680726734861,18698395.954627264,0.2666083598017257,314.28490826618247,0.027531193979149837,4.2069502684678376e-08,0.02408160554275353,54.02700563615181,41,41,0.4115066450209301,37,1665.0
82,0.48399762371913985,82967045.94628133,0.23471429727403767,265.41712169779055,0.015776019419280193,1.2411263753482444e-09,0.01316620037771424,32.16902936807291,41,41,0.3057116669119902,37,1733.0
83,0.4518683967327891,135040936.5377381,0.2486261119816352,268.65104742489956,0.016657111295051652,4.234552401805214e-10,0.013787073611887034,32.59032451523264,41,41,0.38950148738618945,37,1527.0
84,0.5405943643485785,1599573954.8638554,0.19948377442763965,186.62543322229922,0.013113301908511994,7.744188134987135e-12,0.00928225268825688,27.809819235322976,41,41,0.6962371422311665,37,1528.0
85,0.5916996842289423,1839.4406171042988,0.10921758462535931,130.12117889800345,0.07792501858905686,1013.2925791748225,0.0739180933967654,78.74704309598687,41,41,0.26714536950384427,37,1689.0
86,0.65262424543009,1318.860990905364,0.04161349718968114,58.21845767711095,0.01586370065124608,151.48801405543216,0.012648138601470427,37.78591104447259,41,41,0.45859284866258926,37,1707.0
87,0.41194262005019866,9479.82908172365,0.19179449810086666,186.7420538811412,0.1261881436798106,50838.95476217638,0.12341083920514587,93.6934238611442,41,41,0.19059107685971605,37,1679.0
88,0.6584999661869642,1660.787144858868,0.06064719785065322,134.330012793746,0.0938679980017643,867.8374305595772,0.08950716636428452,170.74511044519912,41,41,0.29357075437722385,37,1702.0
89,0.4251340934523295,9846.989483207812,0.20910550226032154,188.15130791562956,0.13749876815735076,57684.73154904619,0.13458415932064496,93.92947979741633,41,41,0.21822217082741782,37,1771.0
90,0.6524142312129254,1427.2803257863338,0.05357162605727566,59.22576466959932,0.010470721150770404,115.84727445147769,0.008335573407773291,19.621468900831385,40,40,0.20505896415986286,36,1730.0
91,0.5812662412690275,2458.125985365121,0.10320959109203519,122.99108834111553,0.05370494735407465,1330.4462486306657,0.05031983918066875,58.431689749287855,40,40,0.20697823869998644,36,1733.0
92,0.6511078857685281,1915365.5672175519,0.0871016243723802,203.43335708059726,0.24244114734742275,2359702411.4483333,0.23619103704604663,445.12527889349417,40,40,0.3471411906405958,36,1690.0
93,0.5653284665931363,655872503.6745836,0.1816661677165389,273.25593699116035,0.014465329493114121,3.9171322809721834e-11,0.0118896146777346,39.780197040129174,40,40,0.21946631869926242,36,1621.0
94,0.4705725078746097,21454.698184959685,0.1915710049834059,210.03354996605836,0.17155035154022336,284567.15830492787,0.1683161633888996,140.6435417493674,40,40,0.22580501526813634,36,1649.0
95,0.5442364049127631,1464.376930776776,0.08287895984978469,98.31704271854495,0.030440696628171577,325.1360463371093,0.027466491630439363,36.82183382078757,40,40,0.15419571811097865,36,1795.0
96,0.45347682264501177,77785726.07394238,0.24882771021535624,425.3475349380536,0.034238191337662184,6.973425356137779e-09,0.03188935681872609,85.89642884010476,40,40,0.23312284810425718,36,1496.0
97,0.4119650543526452,6893.368027443811,0.16066932994596547,134.08121895250636,0.06172344407207923,16413.293915445574,0.05850023532413188,46.67526984310034,40,40,0.1663802053245108,36,1679.0
98,0.4934758173857394,52795805.82343018,0.2151737431810177,294.9457873417511,0.01589288201688813,4.6944905015069e-09,0.013556787155450497,37.6818670108353,40,40,0.21020916914830715,36,1571.0
99,0.3360895314923489,72.70109368601503,0.7441853707651829,72.68832679417476,30332869.968135748,836142.6862529084,30332870.20163102,298624.3594057533,40,40,1936.9654733382451,36,1854.0
100,0.5823408294872069,13671.659691328885,0.1978082396288996,380.9778124810538,0.8444044911452322,284764.5325745414,0.8414330274429945,988.2592646314337,40,40,0.18058232517635864,36,1590.0
101,0.44219462942148224,59828.388943192695,0.2376068674989326,270.0089051618395,0.33900008589435165,3886132.262701339,0.33592685734675226,263.0596813298374,40,40,0.21375645020890388,36,1769.0
102,0.44500898591114746,22175072.677770842,0.22880569064923192,219.92456616369773,0.009251865867477867,6.866379644280873e-09,0.007148619595236135,17.80140277174169,40,40,0.2037416105115726,36,1794.0
103,0.463064882805183,525155131.3754174,0.2397298003867089,254.04346320039338,0.015084597803150883,2.4667323534694908e-11,0.012327545489749153,29.571769943644668,40,40,0.3334929552042565,36,1726.0
104,0.587301532280295,1799.6710895196063,0.06343511922878292,86.96211252872122,0.026788298387648058,431.6856259534003,0.023076213245172533,43.21897722645232,40,40,0.20403741973240896,36,1699.0
105,0.5553986107096117,1387.1498187802274,0.07851759945266548,80.0902501613187,0.021996777854182734,233.66489110751712,0.01886483232338423,26.975062090352278,40,40,0.22428770678046717,36,1885.0
107,0.3774433044295258,9043.274112467028,0.14253646865819866,95.76545329765689,0.02451215243924938,15094.170283661091,0.021726806569252043,18.893988101086936,40,40,0.1942763398078804,36,1748.0
108,0.38222098152288425,85151356.65077373,0.2869746621412071,334.5310067615436,0.027928845099832136,1.7264410507808486e-09,0.024807867032125668,52.62519406321034,40,40,0.37372268209252135,36,1752.0
109,0.6103036613307309,2115.310308010185,0.1133263891766763,171.92300433142233,0.14944272670357997,2040.7524748041985,0.14567021468761768,164.84438249926748,40,40,0.21846548466016052,36,1731.0
110,0.5032443261377023,44249187.8604069,0.2114215369713617,407.33479709158144,0.06823287202635492,5.9550289315221144e-08,0.06290620359989886,197.33100707424896,40,40,0.7200064531398163,36,1676.0
111,0.47218581306245044,481499933.97272927,0.2623999648440982,285.3385410271235,0.022674350732364443,4.807452661134202e-11,0.019302236508934843,42.896128802456026,40,40,0.4358000789251708,36,1731.0
112,0.6331173711399029,2037.099041132894,0.07801744615269439,92.12702727904427,0.03670071119350551,687.0010286281267,0.032591146116579456,48.14398077995153,40,40,0.3478762762416821,36,1696.0
113,0.4524869094399471,146139714.3650653,0.24001123506640737,248.85444826447429,0.009154986320863551,1.8145830270105798e-10,0.007438253042353176,17.716017500520575,40,40,0.10921301723299062,36,1715.0
114,0.4620988738343288,9668.585256789182,0.047890825283139385,96.10070639423837,0.1511449373855757,86399.78453602917,0.13265832044395992,354.14111018141386,40,40,6.081650020203819,36,1689.0
115,0.4436292793810366,1494125304.9035375,0.22286460991818283,205.5798642599697,0.00725165594148767,1.219783685640022e-12,0.0054388337993994465,13.969480453384314,40,40,0.20983137699155358,36,1827.0
116,0.5446901974984127,24973956.166548725,0.18403259939895403,305.6209507188863,0.02388433260160295,5.016820078572703e-08,0.02072470976491551,67.04353715568695,40,40,0.33812189626453665,36,1640.0
117,0.32094527158653596,1357.5360604974292,0.32018090865882526,1354.8945273353113,440981.1700646955,2104210.9992390946,440981.17088620644,2332956.9281807635,40,40,1.7458464095120787,36,1682.0
118,0.5210456085394362,421616185.32893723,0.23645997397389446,341.50251659993575,0.02604295811157892,1.478111834127178e-10,0.023247777319568903,60.371853378806485,40,40,0.28378801716745417,36,1594.0
119,0.5491845098653468,1760.4020530264968,0.09259057840528778,123.5103138443897,0.04300226045209187,570.988878073186,0.04050917570893593,50.157211101151205,40,40,0.13929486812179168,36,1858.0
120,0.48211862339835915,2482516480.3711033,0.18791836651311009,143.26199269197514,0.008630250686591047,1.3187267864324737e-12,0.006625678863421459,17.244218818143988,40,40,0.5634787896537192,33,1709.0
121,0.5182745083850205,2631.701623909827,0.06689746862245587,62.224518042246885,0.012607958722391404,584.187859246805,0.009916018792218729,19.771170040414784,40,40,0.2423016181840356,33,1738.0
122,0.592547518803661,137806709.2762841,0.1677105241528238,190.9245790753447,0.010054466311080609,3.9937179477036315e-10,0.007225213124739213,25.717231390398716,40,40,0.43113608019804694,33,1738.0
123,0.40908041102361153,268237197.66555288,0.21025241696898817,173.23045500447807,0.006714622407147861,2.3973110871832185e-11,0.004938836218729197,12.474683038291117,40,40,0.30601962598973603,33,1721.0
124,0.43521669210551295,2521.5965550079895,0.12138800985000654,76.53096783266255,0.015806255445373136,729.6739865799902,0.013167323987539333,13.291900289542957,40,40,0.15561055717362363,33,1898.0
125,0.5287894008104215,1362914.7287665133,0.18529953242367775,200.76005375693953,0.2573494161791172,1593355506.1683462,0.25191748968380606,214.81062006087976,40,40,0.406903994337369,33,1624.0
126,0.543463855456525,325594164.57287467,0.1881656604423812,249.93632563732763,0.019105380829095863,1.5615957100900505e-10,0.015393424559157322,47.79481046930453,40,40,0.45969656883862153,36,1588.0
127,0.6866309217997677,1951.3823364100472,0.0434871614820968,32.259420979664725,0.005761702802418332,140.0340834145243,0.014193259646517326,16.955937132030204,40,40,0.5586934410964381,36,1613.0
128,0.5176012305653924,815814848.0395097,0.18193410691832862,198.83237181953186,0.013087938170888156,1.1992539717759034e-11,0.009443878866090511,31.31558614202704,40,40,0.5290612952308231,33,1747.0
129,0.682200939790921,2400.1395312574446,0.17444202020591998,110.15853990983258,0.07207351525153334,1541.5568961997308,0.06522322822799828,46.13876240294139,40,40,0.4672431429466263,35,1679.0
130,0.44265299423659876,91636390.86230987,0.23145729161758238,280.98173610548236,0.0149733841246775,9.963046332047276e-10,0.012685534741767682,31.871143276501357,40,40,0.24536947882746193,36,1700.0
131,0.37457824385031363,542082990.5176958,0.190910868811697,136.25563746970934,0.0042871627612503195,2.5479194834139366e-12,0.0034031817332225585,8.642104873554313,40,40,0.2686213247849513,36,1958.0
132,0.7385025250474427,1379.2479318671521,0.019703166962214098,40.94342256431539,0.006737727059369277,71.03023268404672,0.009015180444081413,38.63650479726527,40,40,0.29085919137652544,36,1628.0
133,0.5849641190559086,2123.818973022856,0.10108833653596135,142.7672008390414,0.09306474439808606,1537.898104676802,0.08929934565946847,106.53567624716601,40,40,0.26851390841759826,36,1609.0
134,0.7139467413488222,2779.032570292194,0.040720098234481736,34.89904464663889,0.007611809448165141,351.7296655410986,0.01663562891875152,23.88978572268173,40,40,0.6144532295465213,36,1463.0
135,0.5289941939077855,1623.130777826274,0.08595722245399463,90.09396719369752,0.028831951654205323,414.46806814492084,0.025629047746301658,33.02979008354105,40,40,0.20622831919556933,36,1855.0
136,0.5704220883893734,1568.7911925648548,0.09964537935328942,82.98352415779043,0.02064061993416977,267.85056684701806,0.017631135057802852,20.58386415038661,40,40,0.17979037426046543,35,1732.0
137,0.6148131111794903,2724.653756887214,0.09178374193496466,145.37295386381615,0.10251053004426469,2639.5958338745268,0.09827869531617135,134.0144051726297,40,40,0.3046827730425982,36,1497.0
138,0.44419369370720835,1550160133.7091591,0.19982311817000245,160.70436918168238,0.004872431359464542,1.189469605040331e-13,0.0034420801951187924,9.628512011565855,40,40,0.2373698721272613,36,1714.0
139,0.415880603468757,10946034.35842725,0.24974057567523372,400.97746552375463,0.05011879615388141,3.685833398325911e-07,0.046914047361136614,116.18084835687417,40,40,0.2606847981875885,33,0.0
140,0.5204920951022404,726711208.0586249,0.22477729950695657,233.3814319231788,0.014854282367863453,8.72145839143459e-12,0.011637571078573874,30.249369595549048,40,40,0.3721144776305172,36,1654.0
141,0.5452474882737054,168907997.97509694,0.20571899018973555,279.31996739713173,0.021557678593564226,6.530414549658016e-10,0.01808655197026851,52.09830341174965,40,40,0.41796928747859813,36,1626.0
142,0.5819650309893465,4406.6055217993535,0.12459075408052495,182.45230933663512,0.11978939770386082,7350.985021555506,0.11695494000190514,132.09371326236322,40,40,0.16276895379401157,36,1658.0
143,0.48842788260051734,16907032.705155093,0.22225195796872632,522.3880343119166,0.20131855216433603,1.842198533852019e-06,0.19265128036228713,645.3531503726091,40,40,2.678465081769341,36,1680.0
144,0.5167704416518472,3198.1568221011626,0.1462552311910066,151.1249398078423,0.07847076770743211,3246.413263919679,0.07553626515926352,66.02661281409715,40,40,0.16743173860854538,36,1662.0
145,0.6674157590579971,1714.3767241669395,0.04820383860850171,78.42525627096421,0.026692592202200178,363.2056148356947,0.022328345861333605,55.98947270111148,40,40,0.40117768947181026,36,1767.0
146,0.5750915538196246,1382.1384433958485,0.05287284797968226,92.86154138074124,0.025561988056902123,238.57325336916705,0.02282791954797587,47.437359697117394,40,40,0.2372254282436735,36,1781.0
147,0.7053085890591628,1593.2845919747303,0.030101949479022443,27.663395365488842,0.0031352964114027366,51.218477099243636,0.011462709007806942,14.436155889498849,40,40,0.2050182171550452,36,1368.0
148,0.5343918907788343,3215.272741634424,0.15600758209328536,160.0791748888609,0.1280249224138185,4978.399594944965,0.12399263774777053,103.14488028261313,40,40,0.32963154215212986,36,1779.0
149,0.37409070691690066,20453960.48920869,0.35903413787602295,479.5952238055563,0.06406090091356788,9.685588659575297e-08,0.06068205483035379,119.95773391982902,40,40,0.4779167098424946,36,1658.0
150,0.4409376014119864,48064373.75081602,0.26617346585923,309.3096156792054,0.016643600336289165,3.7223462506082616e-09,0.014489085501438534,32.516504795906286,40,40,0.23543211099221997,36,1810.0
151,0.49788382203106674,1253415053.2735019,0.21232169022509115,264.45052330918054,0.01743526671291868,7.31662969666589e-12,0.014444287106343129,39.482274804757616,40,40,0.36134881468851077,36,1741.0
152,0.4824560289852256,252222354.48937657,0.2222658209889108,223.1711378973778,0.012550386586432231,8.523234625269079e-11,0.009720900663073821,25.21951059785703,40,40,0.44328292700209226,36,1728.0
153,0.21696541707479666,4553.625824025904,0.2169874669808781,4551.432358618882,775259.6439593794,182500165.80610186,775259.6461939116,180465136.1316136,40,40,1.1355218026867726,36,1888.0
154,0.5144371778785937,311645062.1827202,0.19593311597355414,233.90411596017807,0.012297912924136747,8.262834306102348e-11,0.009662257273642236,28.767728877834955,40,40,0.26195078835034935,36,1679.0
155,0.7208346503721735,3320.0617720532423,0.073127448277228,159.6593731896574,0.12080858134805227,3699.18056364423,0.11668402582031534,210.54773150687717,40,40,0.2676995246665982,36,1628.0
156,0.4599715144534045,291403023.75946456,0.25665997454718514,319.6624135920625,0.024770993040585998,1.8979251919863461e-10,0.02176629713675651,50.97529463238144,40,40,0.5253653106761638,36,1658.0
157,0.45805259937723714,39863.31522489172,0.23663960442122225,335.9207006681319,0.5058222140066015,2080114.2304006729,0.5032554241041657,459.75774239665805,40,40,0.11565053261577835,36,1472.0
158,0.3778716157592054,28762915.623590738,0.23416602465666694,193.0688236489006,0.007478163693620107,2.0412586128326567e-09,0.005652621941281853,12.973033265752255,40,40,0.18270766039623632,36,1902.0
159,0.44654400214695555,370842399.92776567,0.2230961221544276,196.75159707543108,0.009657014977504964,2.1695421966057384e-11,0.007067644033228334,18.384108001033027,40,40,0.4243169458433067,36,1799.0
160,0.5626843121256668,1510.3805732449628,0.07372234548467643,97.20945985607149,0.04243385522057731,473.08782788088894,0.038503093586679846,56.89803462654658,40,40,0.3067329897661184,36,1710.0
161,0.4192160422104096,84617632.3317146,0.22245485680575142,237.45463405153288,0.008986444108099652,5.302665733400804e-10,0.007134611992819197,18.46044120685682,40,40,0.16807080466714694,36,1906.0
162,0.5900519860428927,4105.1011034949615,0.13470042342735797,316.00995146717656,0.6828651597969677,22948.10162961498,0.6796534702435636,950.4088713458174,40,40,0.2558986409047615,36,1534.0
163,0.5189796863807186,2120.5966089345725,0.10429316031411191,113.10263715876481,0.040822369135389974,862.8643289644565,0.03728889803610999,44.103569680403034,40,40,0.19105741102623894,36,1810.0
164,0.4712725529545165,1813097301.5562115,0.21593289615814137,190.47899392541416,0.013255568545565788,1.2091392042990967e-12,0.009823607140696676,25.692134766577524,40,40,0.45120771284419586,36,1584.0
165,0.49314499999191025,2544.629602295124,0.11863307582767052,100.93629537813538,0.04006582861607822,1428.2834154408006,0.03628691759885139,35.75771609274849,40,40,0.22430620196137274,36,1886.0
166,0.5205541226901694,2914666892.3081546,0.1805821249778576,169.26477912645444,0.01049485344747299,6.295023660586205e-13,0.007459904751373228,23.508415305130953,40,40,0.6611345464026512,36,1718.0
167,0.4543072849179626,119407044.36136304,0.28023829613854373,310.28691742771736,0.018564609871043608,6.255253635335745e-10,0.01626665931386006,34.220843391843054,40,40,0.20469766334215045,36,1541.0
168,0.647464114814189,3043.9161008721294,0.061728532964950865,159.28951304562597,0.11559581342098137,3310.95536160694,0.11164137373398013,236.59275010245014,40,40,0.22044190025187466,36,1687.0
169,0.4530890962374179,2607.8939671591024,0.11763741890788494,68.86100539610325,0.017575055127022822,872.886285551767,0.01408429187700282,15.726715787567494,40,40,0.2565011007180123,36,1952.0
170,0.5078575394528188,97358781.51748492,0.2011741618795601,272.8899770314338,0.011998502624637674,1.0395037379799287e-09,0.010032953009265459,29.124853952884735,40,40,0.15001411820564625,36,1648.0
171,0.522139025263606,88841442.35450855,0.20176739539021685,262.390195801261,0.01752561411954108,1.7240878251028753e-09,0.014347999296792766,41.921354656130596,40,40,0.26344242505883525,36,1658.0
172,0.6470299618037217,1504.6766116082517,0.03904012734051217,59.04702355563222,0.013139336436931883,163.46857556685663,0.010458372109100111,34.28623197049239,40,40,0.268225795627883,36,1706.0
173,0.4474843500559661,187171143.41234913,0.19726350533819234,210.51070979339454,0.0064440853833153695,8.771745349512883e-11,0.004826221158201702,14.29420856833418,40,40,0.11159373892221401,36,1541.0
174,0.524612781234676,3238.2299364416376,0.14448775007544992,180.82844270823443,0.1266214622744276,4640.476135974062,0.12366777093344387,117.0497851330183,40,40,0.15680752994706262,36,1683.0
175,0.3892615534729586,4033060986.708418,0.1599254615740861,125.58531431286067,0.004271433342258762,1.2146816681998439e-12,0.003831863317132341,10.192227970704971,40,40,0.2680355948777646,36,1793.0
176,0.606435931443846,1660.8878242063033,0.05348751692228049,52.457281111232696,0.008583149587416357,147.09876496960817,0.00725978956300839,16.62083757500093,40,40,0.25902228048449305,36,1605.0
177,0.4137343975622109,5716.948566063483,0.18285290811302218,152.32325571046366,0.09507028037628557,15840.69675852122,0.09151543507403648,66.11701735453974,40,40,0.2635029447399072,36,1639.0
178,0.5406098578541022,1200322308.8420832,0.16726116713911093,200.68649019549636,0.007967048694119138,4.824980614242241e-12,0.00585213601702772,20.52559383720222,40,40,0.1659978417007034,36,1674.0
179,0.4688457898800709,72638.20427242876,0.23409537614918874,376.7408801442376,0.713453605570364,8686201.008860907,0.7107804294814679,718.5508584582124,40,40,0.1710097884336494,36,1605.0
180,0.40930555924035683,703056658.0413175,0.2304820292074374,203.28774293465835,0.010686755502495367,6.565160562924873e-12,0.008299329460302818,19.24803542169081,41,41,0.36308261721672763,37,1745.0
181,0.46216967012684124,42394839.53718564,0.3201778042580273,462.3442771259215,0.04613356256010032,2.300196829063357e-08,0.043554389961533026,94.64585714384837,41,41,0.31051883879349307,37,1594.0
182,0.4950364006081613,760502700.2626196,0.22090200385637718,244.44642592759013,0.011589910137401217,1.5688176432352953e-11,0.009468335528271544,24.05332665417818,41,41,0.298600884832951,37,1698.0
183,0.7064312255024408,1076.866426283339,0.018932020280955024,40.97059522743689,0.011619436546634335,78.69861373631609,0.013353994637903007,66.20194376324051,41,41,0.8512934839599875,37,1708.0
184,0.35503831274636255,253202230.41278383,0.3712660061547975,494.62436104382704,0.05179804816535955,4.91280292359649e-10,0.049338299515425135,95.50882912906617,41,41,0.3012375688596833,37,1597.0
185,0.719086825129422,1475.217674903333,0.011625205364101054,64.45255128069587,0.01423029209824633,146.60625428503954,0.01126033026832591,122.11431530511437,41,41,0.23458372362695373,37,1644.0
186,0.45687345461695567,233720879.64348534,0.26618742636333115,272.16465544289827,0.016986262899672415,1.2122376551817242e-10,0.014423412967387425,30.663132681646676,41,41,0.3845619036913875,37,1649.0
187,0.3579884876000601,284876491.4990647,0.25154410278155664,322.68248121195006,0.016699283861143513,1.0468129687597931e-10,0.01509536810391689,33.991863510849775,41,41,0.16922543726456704,37,1639.0
188,0.5145410467507101,52128976.62963108,0.24832153804368712,373.6314387944544,0.031743667285101335,1.208599699403491e-08,0.02900505745038698,73.44200374368033,41,41,0.46662978725437676,37,1676.0
189,0.7392454766248377,1793.4674764752988,0.03906274888884112,122.17208889616116,0.05642890955039774,581.5929964312139,0.05325272589514979,155.78709633086606,41,41,0.1880637103840442,37,1577.0
190,0.5695409134177221,1570.4077260811687,0.10124741995372315,114.85425148630573,0.04245975346213082,455.76968910343,0.04003302158293371,42.758386090426264,41,41,0.17179642269827436,37,1815.0
191,0.39896990759646594,7914.302569596168,0.2232704074861909,199.34887063241703,0.13634783517581361,37838.55432545921,0.13418677509246987,88.42743193719411,41,41,0.22461600806901763,37,1763.0
192,0.6360010616913291,4692.625259518082,0.06693438444585836,150.85925653733102,0.09240206253213985,6712.46869023267,0.08861519533874007,176.22845490767952,41,41,0.22400215161215498,37,1631.0
193,0.4911224430742571,157750977.83552188,0.2253766143998792,317.9702089551559,0.025517653490881934,9.04051211866198e-10,0.022583466957611025,59.14222256103986,41,41,0.46922220088469563,37,1745.0
194,0.3552975528884114,862020787.2107815,0.3442176628231273,432.6425111180728,0.037909948463407596,2.765407275108276e-11,0.03553179614383007,69.02946641359469,41,41,0.29852299402403,37,1627.0
195,0.4665086872140978,1802.6764338204002,0.11591031848646723,146.37672772578625,0.1053483136971635,1550.392502921584,0.10234766623842294,101.02227985856845,41,41,0.24402961007811835,37,1960.0
196,0.4169906227770528,545427552.7843273,0.273774411614825,271.0046881701516,0.019466054358254117,2.4209041734923862e-11,0.01661654489204169,33.83654285528701,41,41,0.4261222095186573,37,1691.0
197,0.42412679529319486,28326092.20655344,0.23344956917313062,300.06003915112393,0.015614820103832644,1.1369645315427105e-08,0.013701338807559136,33.55542999953491,41,41,0.30370950950509973,37,1616.0
198,0.43988811280093665,320335724.82228965,0.24461853871814826,278.68719713991123,0.012902842223808421,6.120530980405476e-11,0.011031337251159165,25.642811342153173,41,41,0.19153494828122622,37,1906.0
199,0.3751188615060718,89098480.0870519,0.3529475127789931,468.21999050745416,0.051767087272255166,4.0020733974132485e-09,0.049015782331174644,96.70428196093206,41,41,0.328951734066509,37,1649.0
200,0.348850260426071,21420732.805212628,0.3936360671743081,597.6024458697431,0.07922194451712346,1.4426238412192514e-07,0.07660574329665064,158.04662377209283,41,41,0.369842295450467,37,1683.0
201,0.3948539475587734,8781886.021983143,0.2923601602400952,348.90489565092895,0.02656224910398309,1.6581836813753056e-07,0.024078150343546042,49.636317593558644,41,41,0.3373124603952837,37,1870.0
202,0.35556480714661254,107756543.07360733,0.2492966468843817,220.75259725449922,0.007743716135661313,1.6600022257238578e-10,0.006166784331041788,13.661437012460608,41,41,0.21724432787432485,37,1885.0
203,0.42865832084427874,86252259.51005,0.2697621211000573,325.54101180632694,0.01475461096549764,1.0685589398416988e-09,0.0131766848093079,28.7732433055618,41,41,0.1647621966496452,37,1756.0
204,0.40865600539886954,30620989.22356462,0.22525788210906406,233.44095786283498,0.009081539251547359,3.6014020544246927e-09,0.007389775175679774,17.8204089811928,41,41,0.23282297534233692,37,1565.0
205,0.41736958710755734,140638435.2450572,0.2952419801795051,484.2121611281053,0.05763403391252036,2.9160299192909354e-09,0.05477333729482329,131.77302231891184,41,41,0.3812114042354014,37,1605.0
206,0.47319893115414097,13046.949135363702,0.23255020426272746,328.29657365995797,0.6192988881486319,266541.568051446,0.6165013148314096,547.3470841699822,41,41,0.21907942839454586,37,1744.0
207,0.4844994675436016,262198591.74407738,0.21545749774939169,285.9161697437814,0.017703513308536048,1.8432335423530936e-10,0.015200069653086783,40.677449649033576,41,41,0.30032383009047464,37,1545.0
208,0.4554741166372418,511680699.1909744,0.24181501109395515,299.31953401940905,0.013989195671630749,3.623001030957579e-11,0.012235734644674517,29.106095028155732,41,41,0.17320149619182082,37,1493.0
209,0.3774659921283223,261587819.74329078,0.2674115730822691,316.18502880080695,0.026617355550033743,1.6308649576799574e-10,0.0237233939173969,51.09899590832901,41,41,0.545162820290049,37,1819.0
210,0.502566099653361,5899.6064379109375,0.15162179650018026,118.47148869627628,0.048153969319757406,8260.928010832407,0.044815157525540814,36.87727330152974,41,41,0.2178253016070474,37,1708.0
211,0.40722904847027447,386831867.82999104,0.29121210673556674,330.0895155604856,0.02349401739628698,6.560569860936405e-11,0.02109491465535339,42.55805394078603,41,41,0.34806072079055644,37,1807.0
213,0.6252517416922098,1500.9057858548263,0.04954895604324265,124.93755595132865,0.10848984988251396,913.2143986006489,0.10358023554404208,226.89875144695372,41,41,0.7152217528679372,37,1792.0
214,0.3257198162142743,16524599.094148876,0.41785483310393035,633.9964466937392,0.10782959439296916,3.157898558119237e-07,0.10466133515285032,211.77027569944633,41,41,0.3929732363669923,37,1568.0
215,0.5453719715792461,17068.47198827416,0.18920477291164847,229.12268701431896,0.14679715427916015,124731.96795995024,0.14480235101938965,127.13328245116222,41,41,0.15602854049891235,37,1656.0
216,0.39567911599450617,324813994.7292032,0.3005920583761875,326.76677761618873,0.022355563666428317,8.194878239932345e-11,0.01997858039130225,39.20969373619844,41,41,0.3059033397970509,37,1692.0
217,0.39614558352508994,110921137.5811158,0.3205730257836612,458.97439435590377,0.05658546609545801,3.588315374453391e-09,0.053460704093356834,114.91257505108968,41,41,0.4044559461720655,37,1636.0
218,0.4343391485398656,6370.689920481836,0.20718938683055665,310.2036112286349,0.5466236377880357,62747.491509793486,0.5439797375441887,503.56465016300433,41,41,0.21599379147419306,37,1842.0
219,0.43258228316071107,396927158.54621506,0.2841646512802322,326.88220931274174,0.02101285669314347,6.375812781814483e-11,0.01873250656516933,39.15859977438563,41,41,0.3283196585458211,37,1799.0
220,0.4358803876165747,313306602.299695,0.25422505113314103,197.11098977171207,0.015390818948903156,3.732966260562443e-11,0.011584999058491741,25.330276603361895,41,41,0.8861002645046016,37,1804.0
221,0.5154800060314301,1518.3787572631359,0.06483713669280831,116.33288684770545,0.04158963323375905,457.413213349976,0.03931076676808536,65.14307748836528,41,41,0.1618918509725046,37,1791.0
222,0.6011662168939013,3044.5969294855418,0.14280039337758269,218.0712185510522,0.2049117639146023,4993.313071170848,0.20228885849997366,209.02292750450476,41,41,0.16417167417743575,37,1764.0
223,0.40541745624851944,245529314.4903919,0.24330727015147774,231.48603973957088,0.009081344814475254,4.255158843266117e-11,0.007402330755678162,16.377017693494047,41,41,0.2317516220458264,37,1731.0
224,0.5611190746875766,834391179.9986893,0.19169523140299957,183.11173838881726,0.019033545627640733,1.4157353090785394e-11,0.013783004439874747,41.294507142725756,41,41,1.5505271682166475,37,1562.0
225,0.637985325267879,1732.627015618756,0.05591888925497726,113.01687439155252,0.04316756188886656,509.6474025628276,0.04043281892902355,80.02875298999066,41,41,0.17135499860975487,37,1576.0
226,0.3935918209116104,108060358.81489667,0.2684848803253366,240.74120379667156,0.013522204066163052,3.0315207400644185e-10,0.011156827714064609,22.481568066498422,41,41,0.376813203093176,37,1839.0
227,0.437779895628086,72772331.26072745,0.2837794101938542,361.57776446174836,0.022068045858217974,2.521699466598377e-09,0.020126505662414185,43.522575318615786,41,41,0.19116142726052765,37,1485.0
228,0.3624468347438807,11154.62890912349,0.04477781425909269,72.63934774828462,0.016288359664383724,18445.649153426795,0.01336753672336442,37.85216243750592,41,41,0.282537115588474,37,1641.0
229,0.43733370138291733,244471575.39078027,0.2584829522704081,320.23944999711426,0.015513970522316881,1.4615375056622324e-10,0.013751986510972241,31.477717180385422,41,41,0.14540557458068423,37,1660.0
230,0.5799971939338022,2797.9005403174265,0.13882763420677485,250.95753493981653,0.41449452596422415,7860.373797033215,0.41134408127745997,461.8102223289335,41,41,0.2489240188073972,37,1761.0
231,0.4393429050479106,40759474.33030606,0.31372853763730363,490.2166580735623,0.04662152915669329,2.830112240732598e-08,0.04430936420486572,101.47882698315787,41,41,0.28945599858343396,37,1533.0
232,0.5174677054634961,2973.1119580291806,0.13903383449004308,157.9876712424575,0.10898014327374507,3776.3781549959226,0.10575715500537748,96.55710767204701,41,41,0.21630943472916378,37,1743.0
233,0.37256158312977766,535228772.01641524,0.23111471473804823,230.8733542471519,0.009870612162066462,1.4918602399522933e-11,0.00799355846098793,18.787067837300416,41,41,0.2489047241457578,37,1810.0
234,0.5188854973204796,1467.6667197187462,0.09644343004199081,101.28675516072727,0.03346099378816548,373.75882235332506,0.030906456352800295,33.8938816825297,41,41,0.201235159255726,37,1759.0
235,0.6601786186904488,1806.1812094531258,0.03079160376549655,65.94628906489271,0.013687972906985752,228.91119478009662,0.010956694007425065,44.78350179038795,41,41,0.21463974448166753,37,1493.0
236,0.531975976005888,1349.099792773915,0.0778704216718877,63.15355664132919,0.034623690451834103,412.5652395163625,0.027545556604308567,42.29365763957898,41,41,1.4376960952710027,37,1873.0
237,0.4488621521854691,164854751.0103036,0.2319318854018664,290.47046001897945,0.01501502909110836,3.1710681858465696e-10,0.012998971997148081,32.16359725197276,41,41,0.22948198388787205,37,1521.0
238,0.4870647166041469,135712870.83561444,0.2706556235610169,499.3732020539628,0.06305035577883274,5.363027217869284e-09,0.05999483349592358,161.4054712411607,41,41,0.4204898271041471,37,1661.0
239,0.5159099014995342,2458.2168107822545,0.14900170928379794,166.40664913494197,0.09895130725384883,2250.3625508373993,0.09659820583294633,81.78880275831948,41,41,0.22456732832879656,37,1863.0
240,0.35055585550585805,2270060546.9912415,0.11286375938551248,67.36837608041083,0.0015207207707370752,1.8607559009887623e-13,0.004039665195292675,4.495704273644975,41,41,0.26259377366231246,37,2000.0
241,0.38947850755858177,1950.776299642326,0.38686314097061214,1950.7724262225966,425764.6936242561,656348210.5115303,425764.6945171498,660783153.4815348,41,41,1.9243245151837185,37,1381.0
242,0.6935107987403796,1846.8673396090028,0.04665828954187283,35.277608126079144,0.00891982073811429,186.6569083922892,0.01665016715812157,23.60464606632736,41,41,0.554705337904987,37,1673.0
243,0.5887267351540231,3187.968802855394,0.16156846938399272,321.17101709511087,0.6446741831009728,12676.316368831964,0.6421008784370108,731.1136957662256,41,41,0.2163037189217312,37,1661.0
244,0.4485529881587786,3100834113.787876,0.19769141678922378,168.87999812864606,0.008800795146572855,1.2208344600246759e-12,0.006440926718454273,17.5381185906663,41,41,0.5384026434562518,37,1568.0
245,0.46941850666640333,15863.778749746392,0.1647397084982932,205.23555740868974,0.12066988851451203,112051.35508803076,0.11862709114480893,111.37686933979617,41,41,0.09916421535815936,37,1675.0
246,0.3672282727403206,67807207.14428309,0.28921145925309827,392.65412291565434,0.02689128223241439,3.3508913802034295e-09,0.024978728474980217,54.197113278846786,41,41,0.23118226837363282,37,1645.0
247,0.39191602090794875,2922.7007346828154,0.39191491323452327,2918.268313833049,144044.4091621721,4869543.500956318,144044.4093389552,4820331.333375272,41,41,0.2495332881986535,37,1415.0
248,0.42984661647127054,107852940.91894458,0.21615913088329428,192.4062887142764,0.006044717467233193,1.5753790609593788e-10,0.00455917800876953,11.495168799575493,41,41,0.17420985874335068,37,1706.0
249,0.43083213407442655,115078932.46970749,0.2808522517994059,295.8166984730806,0.013107040829778194,3.9554266054509964e-10,0.011375262707692074,23.478358917883796,41,41,0.18624155315498842,37,1668.0
250,0.45900904245632973,144817723.01188257,0.2530366520116815,346.30822697306616,0.022537842800270314,8.068070735201548e-10,0.020371637759465572,48.65696602638507,41,41,0.21005829213742788,37,1620.0
251,0.29954429232559837,30208128.627679422,0.3409918428785514,565.3529788758791,0.07494327703457833,6.715183401747541e-08,0.07233257595721425,164.6124611042604,41,41,0.37212957822283876,37,1590.0
252,0.4422621336423816,346531067.7229307,0.27359539575508696,407.75243706671415,0.03690538730764408,3.073296646498698e-10,0.03430331902430641,81.44977931882016,41,41,0.3322671064811096,37,1705.0
253,0.42244512467528894,284947896.3973117,0.3031677818773326,374.1497765530139,0.020566093687406434,1.5263127228340935e-10,0.018852319080789503,38.834044414015686,41,41,0.15313103025126729,37,1600.0
254,0.3691704382176614,346992536.3774788,0.2977500231094032,271.8335251723343,0.014318003967941901,3.112814953266036e-11,0.012201028577822908,22.94813858829956,41,41,0.21237385139523932,37,1856.0
255,0.3557859580156426,1778.7032319006826,0.3544750301627308,1778.4474970382362,240237.91073038787,19389898.70710212,240237.91094881287,19407723.363723952,41,41,1.2069374168171005,37,1594.0
256,0.5183711032381564,1920.0574894285817,0.132405439830026,143.16311467371483,0.05140147531022211,784.2655748160817,0.049663994092735544,43.62492860526322,41,41,0.10278330179751602,37,1868.0
257,0.6128281631264928,2135.0758066765306,0.08092066194473065,124.52580076671104,0.06161979563641905,1082.9183135211604,0.05843429441147977,83.4212157520048,41,41,0.3547199008234567,37,1566.0
258,0.5020231448914185,218792973.2164833,0.20679556244580774,294.7960977348472,0.016368303470810277,3.13329050347365e-10,0.014202494088164892,39.74341029657049,41,41,0.23332707493597696,37,1586.0
259,0.43758194460242955,696689675.464133,0.267477592776024,325.84969427895106,0.019535852502514373,1.3681103936628311e-11,0.01741844846356508,38.553667318274584,41,41,0.18889064969883088,37,1690.0
260,0.45741906245408653,1001239949.9054999,0.259501630949887,288.6103292153783,0.020890990070671907,1.1825270864155484e-12,0.018007189743872165,40.047750808218225,41,41,0.528800645524337,37,1612.0
261,0.5660976170182386,3842751.940987585,0.21408290525665494,497.4241726976742,2.3282079283537667,52342624999.423065,2.324585960759137,3209.771731425596,41,41,0.3937409055199486,37,1440.0
262,0.4262442298060316,54276042.302881084,0.3210182270121895,499.8150739425409,0.06100324379032488,2.0685706944699234e-08,0.05812131679535729,131.4433699360345,41,41,0.35002082362489023,37,1608.0
263,0.392083473682666,1662.5451743300084,0.37117950938278366,1662.168781747384,187087.57691038135,16476320.220869528,187087.5780938451,17327322.544167314,41,41,0.08767368933322658,23,1533.0
264,0.6643483922968544,941.8260354169822,0.023608460327766683,27.42176253084446,0.007264896505649193,46.1454230040584,0.021957804159803234,38.51821478626144,41,41,0.5143918491867209,37,1578.0
265,0.3491622333717386,130986772.2511676,0.26905537229374005,255.39907648544087,0.01652651144930642,2.482984746277376e-10,0.01375732986845269,28.666393757061677,41,41,0.43210375267248236,37,1889.0
266,0.44106127366496517,354647089.2763883,0.24127544764247594,269.57074892318263,0.010884208078653184,3.954058498010261e-11,0.009187908156976779,21.6769642612838,41,41,0.1330740301364653,37,1778.0
267,0.4138677993199923,164937359.55073646,0.2582826332232673,321.27256199796415,0.024715017504309912,4.969178004515957e-10,0.022037300753515853,50.00526288942608,41,41,0.3521419339973114,37,1616.0
268,0.415182042981231,8172.921577098889,0.1611608339119609,161.81898997504453,0.11257961152213991,37088.79960028886,0.10952769682613124,90.99020658973522,41,41,1.1631006325499007,37,1779.0
269,0.3833382912178357,2766.8825222301525,0.3833805838995455,2766.4248473718094,271050.07316214463,60418398.26037519,271050.07362283807,60317901.201522164,41,41,0.6713012494835229,37,1544.0
270,0.6004535799757633,2251.745716799267,0.09528518483338258,208.66445090999028,0.19020983568404093,2588.496104036768,0.18776537265654475,272.30738234373126,41,41,0.13845168971362168,37,1622.0
271,0.3577407197765593,17715773719.043877,0.07193563650189604,50.89989129195694,0.0016351923727305662,4.453338876222741e-15,0.008638230044144438,8.255259863788538,41,41,0.46221596502158574,37,1748.0
272,0.5083705593715531,356030646.6317953,0.23905824947047563,498.37678806800477,0.05127418298356076,9.506285133215547e-10,0.04881429668329821,148.18598665566947,41,41,0.1956199457424458,37,1515.0
273,0.5103479650127423,1053289756.5491495,0.1980994563842892,298.23851884721626,0.024361894207604463,2.250879271125352e-11,0.02112196962114563,62.485193137799264,41,41,0.4279842984251731,37,1669.0
274,0.45543643814790236,44903843.36919264,0.2931290634305041,606.6064375538615,0.05435001992418884,5.4836145319360834e-08,0.052586060817310785,147.42657826545314,41,41,0.13073230838248484,37,1474.0
276,0.43329473987604,130772910.26601675,0.21055308410791962,255.4753316298561,0.05478832351502656,1.744603136443337e-09,0.04574936348219362,121.52625632497829,40,40,25.18683111687977,36,1556.0
277,0.4487805238860806,93178169.39027299,0.22113364103713656,358.6197114295747,0.02649594957671068,3.0727821662370245e-09,0.024059863904040447,67.0388181851214,41,41,0.24871930058200964,37,1577.0
278,0.596010003908971,2603.202453940365,0.08741004072910445,148.08023051229821,0.10153992531076714,2433.688390888108,0.09791474597343118,138.5433994529139,41,41,0.2874829801708697,37,1552.0
279,0.4557542247198642,5487.631339453873,0.1411151007781073,161.49912160354972,0.06102204010703831,8159.844368726402,0.05913453756436333,56.33166957341404,41,41,0.09443922780169019,37,1476.0
280,0.6128475430767242,2413.4399536695123,0.10854844375193132,148.05409004374908,0.09192319989966131,1833.7586167215832,0.08867114954391726,100.4858502955104,41,41,0.28437275631617304,37,1576.0
281,0.6822204370364932,1699.889178710226,0.03960608829760037,73.66052385878542,0.01872135601143157,253.0677585679327,0.015387332604115818,47.53166537927176,41,41,0.3240566932349312,37,1688.0
282,0.45424470322673804,152165942.53993914,0.31565410422263956,525.3936555390445,0.07499785277556363,3.6337626232598946e-09,0.07177215919894495,170.2349030125166,41,41,0.41371446702696035,37,1595.0
283,0.3957067871819732,52698096.9637212,0.2615059031248856,272.491894434664,0.016966457041913782,2.147927368120176e-09,0.014555752884770356,30.777398299155525,41,41,0.4157194816008573,37,1791.0
284,0.3864614911855665,192827325.83304003,0.23454103207308738,215.50130746433464,0.008106526306424654,6.176273929422862e-11,0.006390176660443385,14.797893564216661,41,41,0.20059867944356202,37,1653.0
285,0.36702637366150903,4432981.11769838,0.34790198848924364,578.9155242976477,0.1339896997890161,7.029805755370709e-06,0.12924368331410305,295.8506945760951,41,41,0.973678437576004,37,1615.0
286,0.36938992838797197,181.81973312385665,0.31788855267017074,181.81603394791733,15503989.467372544,8160067.283864141,15503989.49824358,9472411.385107907,41,41,427.48472749792955,37,1692.0
287,0.470734163639902,157259196.3659193,0.2674614981436672,389.6900060148971,0.025253552044811597,8.97265757628405e-10,0.023275731856292902,55.57186668320489,41,41,0.22308875803186717,37,1361.0
288,0.5014942366542555,321747426.27534014,0.22221054788844585,452.8296746629376,0.02810534017728772,5.457080383014912e-10,0.02650830560113902,81.71743582649603,41,41,0.1308906052784543,37,1481.0
289,0.40869639431352356,303856084.1655982,0.24076508138815642,278.2989903328994,0.017428844564992097,8.883733164668793e-11,0.014986877011713928,34.93524726430546,41,41,0.33415108392096204,37,1756.0
290,0.46016978826658783,169800914.58370066,0.24946591792469774,321.5405757186631,0.015388515777886233,3.5355820151302544e-10,0.013651175001671343,32.424987648024015,41,41,0.17972464617906533,37,1585.0
291,0.46030321020443227,200370719.32106677,0.1829323235516959,258.52651873118566,0.016623684880262505,3.4325377430249137e-10,0.013947665455844726,42.5250189891083,41,41,0.4615500474880272,37,1679.0
292,0.4547463825793072,274182553.7236394,0.23253376831010056,283.24179655398416,0.02188429986836837,1.6867546347595823e-10,0.018787092992257864,46.29135460555151,41,41,0.4185051059634681,37,1667.0
293,0.3673265252309807,171.87020639528254,0.3766401861279784,171.8699376398192,14108885.434142455,131398214.29741955,14108885.472665418,128145890.58419357,41,41,577.1891913111784,37,1738.0
294,0.4683705986348863,310912641.11103916,0.2449853717711832,300.6140805846442,0.01405496041809081,9.003795420835735e-11,0.012297942513629081,29.00704155651718,41,41,0.17658120587226123,37,1508.0
295,0.6114901970196763,1424.8059807588052,0.057018441467239625,67.42676931275784,0.01470491649270699,162.8297438044693,0.011821948241482048,25.28212051290193,41,41,0.24512986047402133,37,1585.0
296,0.4253193707347038,173396382.02341637,0.22333507172444853,343.4370279545803,0.017178426245837125,5.013831501966568e-10,0.015555704881463463,41.5967562286881,41,41,0.15658579580546317,37,1546.0
297,0.6694009064295814,1527.2423018954264,0.0208060290358477,46.42763987081926,0.009648795740292036,144.8064641970841,0.007464518271563178,42.75137608390407,41,41,0.17590444840023878,29,1496.0
298,0.41506693152847235,848536439.9631987,0.26290682068764193,315.2625768131922,0.012640360488613764,1.076143319672508e-11,0.011211263281596053,24.8288862802785,41,41,0.12447046493740505,37,1686.0
299,0.4370214540071277,198994660.83812377,0.29022149852110524,463.31507624921875,0.03254678907198002,8.044826754118551e-10,0.03076935951496449,73.56442312497242,41,41,0.1784654187077602,37,1636.0
300,0.37782230216295615,1617.159930970434,0.3814185668803803,1617.03435508109,514436.41415152565,55192564.46935449,514436.4177822543,54602437.38466393,41,41,2.1731287407277,34,1431.0
301,0.48413215949427846,352147302.55222505,0.20826883400053128,228.78666467144737,0.013948510129610098,5.407337355220016e-11,0.011179498673672456,29.667606324489263,41,41,0.5216913201343788,34,1689.0
302,0.5393854490711196,5199.152019338967,0.10960599016568365,153.63383412539483,0.09003601316638796,9384.679809542435,0.08681330614455814,104.9706271148976,41,41,0.22455875977143158,34,1415.0
303,0.5331351188768498,2213784125.887553,0.1806933390903184,198.39923701866363,0.01782941557736805,1.7507078552740348e-12,0.013616423169949408,41.328739586435105,41,41,1.2080980184295353,34,1551.0
304,0.6478542758681065,1348.7260679023054,0.03646726987562322,59.94303850770438,0.015809367725489583,157.51591392255398,0.012285697967668192,42.74512381082995,41,41,0.4829207055643283,34,1528.0
305,0.6827211810723499,4580.348263191212,0.0688298569130073,135.69546102782493,0.08042780976393128,5549.789508950648,0.07626605207290954,142.4229068180609,41,41,0.2787361581039814,34,1547.0
306,0.5878383943811366,2676.5406122126274,0.11315879948695787,149.57317471361517,0.12198205499059925,3111.8879969284203,0.11769442190897349,129.59164922812485,41,41,0.40237684541480356,37,1710.0
307,0.8767276016173744,1256.3991053359596,0.044586766097509486,28.058790056123247,0.007769170779637772,57.228779780172424,0.30930421606784053,84.56874761504434,41,41,0.27435683705926156,28,1679.0
308,0.5525251976832646,44567888.26609928,0.1932524431034216,354.69617442813575,0.023011603965693656,1.898267808691804e-08,0.02081745301922858,66.53860127489843,41,41,0.22034996575274893,34,1408.0
309,0.6138459327868504,1055.0801787234864,0.021075052465235243,19.941753866095667,0.002626826284092917,25.276546206202745,0.0171235893037856,18.11896210766419,41,41,0.2987978393826986,37,1755.0
310,0.5123061375423971,2329.376586915336,0.13831433067972507,164.3818548739593,0.10959422376742337,2260.073734211165,0.1068014204596959,97.101995431064,41,41,0.2648932866953235,37,1915.0
311,0.41691492429728355,88027742.02603835,0.21347227356279241,235.20372879228705,0.010406724115340665,5.931607019696779e-10,0.00845003665164281,21.81200472699732,41,41,0.23825314431244118,37,1751.0
312,0.44962246458178395,594554668.2370893,0.1926877466279132,274.1098516463099,0.016833757834793767,3.582682538733633e-11,0.014295621852039388,42.20233811184071,41,41,0.2900383445676532,37,1554.0
313,0.5305180666317989,2642.6237208137413,0.12906177496152724,193.83819537097042,0.22458255509008412,5111.780117340504,0.2209496843255647,233.07726819950946,41,41,0.332901207093445,37,1791.0
314,0.4470393460727075,127903682.74898301,0.2842276144448844,442.6468307190263,0.04096216912427792,2.4974498399476295e-09,0.03848778905867891,91.93258509763068,41,41,0.36962661685573095,37,1477.0
315,0.4366279410832615,151804398.8020644,0.2501892519512213,322.3949566083878,0.018020888826263314,4.801351612984283e-10,0.016013748032691535,37.87125157520272,41,41,0.2024732608174175,37,1580.0
316,0.579428765703572,2103.2861105216048,0.09198039906043161,141.65899851175433,0.07866064816873142,1294.70747544312,0.07566437245838395,98.04233160090385,41,41,0.24751524355953627,37,1810.0
317,0.6679704813668449,2929.0959891417137,0.05591343713116129,91.51397341626661,0.03567801682798877,1306.8151074127372,0.031184655346413615,68.54467322419153,41,41,0.49438553840304655,37,1444.0
318,0.49463614463488287,243317038.71337637,0.23313683662365395,369.63714688337006,0.021666144207087477,4.2343698812144467e-10,0.019783126043205007,53.100831457949646,41,41,0.18093269498739933,37,1700.0
319,0.5458243376324152,2200.105120655573,0.09373918777619862,97.01071020271769,0.027840450551115996,682.2496945651716,0.025072496133633836,30.849020154190878,41,41,0.18584014206710223,37,1754.0
320,0.46226534631406957,14924117.213419441,0.25554127087206124,392.83024698158533,0.029193296523413532,1.2673513576525257e-07,0.026955748850682935,67.53233590413568,41,41,0.27219407523265365,37,1616.0
321,0.4535693504747972,991180633.0835682,0.2497028532643095,274.2779500046696,0.01589715679526581,8.10013283306192e-12,0.013538230260763336,30.704248739867236,41,41,0.3105904021607326,37,1678.0
322,0.40855657289728453,41876955.6357017,0.26018208650317476,286.35529494338294,0.013727453825580115,3.2336653653121775e-09,0.011884381492080513,25.845370228170246,41,41,0.208266231778864,37,1829.0
323,0.45852003224904425,39443.23139879931,0.19474675135212255,248.63780960486292,0.26928476019797587,1378504.4761804214,0.26645544575827795,239.8448043319749,41,41,0.22161911592417285,37,1607.0
324,0.6032541348610866,1355.9751424650792,0.03715707692521877,50.44147749341749,0.00776281619325054,90.99643288732717,0.006295678537805022,21.062149891646573,41,41,0.20977433976940846,37,1449.0
325,0.3797170374566727,1151657860.9829433,0.23531067326780808,257.80828881568993,0.012846176846291503,5.494795212232717e-12,0.01091273914371927,25.014389873288707,41,41,0.23156059604911733,37,1818.0
326,0.5205594932655025,18444071.697434627,0.17454683938143234,279.696011501574,0.01678013251888018,5.639098201771856e-08,0.014318760506964616,47.10207166209277,41,41,0.2637069990547619,37,1563.0
327,0.545779796209937,1643.4205372999133,0.07394644623499369,88.36511065977585,0.022449985746147035,323.36928274120487,0.019810151190667827,30.041571957354833,41,41,0.16796710379071014,37,1467.0
328,0.6761207774977771,2808.344678351221,0.054021928649947586,318.22587635498655,0.8184999326867122,10833.82682994794,0.8153392212045671,2707.7169847372347,41,41,0.25177600910570663,37,1462.0
329,0.4417467537073451,452068803.0780884,0.22649106275846176,274.1606448422135,0.010349416514609388,2.6522982034879245e-11,0.008804319759932639,22.052401485205152,41,41,0.1391858437359091,37,1725.0
330,0.4699734070901316,111343226.21870358,0.19273705904399613,466.17874769346497,0.032575986188804855,6.822862305616084e-09,0.030828067753913873,111.32559997535732,41,41,0.13648016047805409,37,1451.0
331,0.7076770055581683,2005.8819469334223,0.026539768171668608,134.14763878042922,0.08130663587369424,1029.8491123977071,0.07757637565959874,345.5845763427961,41,41,0.3688412113370638,37,1519.0
332,0.43129824439283515,20060619.489400305,0.21724200245191733,247.52134868072903,0.01207554913998293,1.419620128515469e-08,0.010002005345036919,25.34492206519919,41,41,0.26696960191342956,37,1735.0
333,0.4988814268630645,1754.0335069121302,0.0970780779373269,52.06309115390806,0.011355428200445133,263.1636893076636,0.009108986037552728,12.091570839511991,41,41,0.3453287509332806,37,1814.0
334,0.3944670012609211,55491513.77565333,0.2827543371375993,421.86057195364486,0.03336285132627307,8.46478138846282e-09,0.031204170837965273,72.56722618162814,41,41,0.3719080502294157,37,1591.0
335,0.5117433596350326,1978.042528948292,0.11177763551778445,127.20839000673563,0.06434744460800607,1147.2401196010246,0.061186033685142735,62.762466078916574,41,41,0.2132910757915661,37,1838.0
336,0.5317850096491825,2160.067109571062,0.10507673794855864,132.71946981769187,0.05341834106173065,1063.2868514388683,0.051106996846951185,56.67130210730035,41,41,0.20806452616619067,37,1648.0
337,0.4720637540639993,66317714.805632085,0.2417711142469102,334.47323893591124,0.02234681487773929,3.893353678287071e-09,0.020001358741960205,49.725354137881915,41,41,0.3218125724202297,37,1371.0
338,0.46219116845308106,92366121.67256333,0.28085283424693985,383.2955760117238,0.026427656045866298,2.3154711842332882e-09,0.0243186332016956,54.71825404019765,41,41,0.3510882204265499,37,1733.0
339,0.4207323654111896,219122035.6564611,0.28088549616461017,702.6941496452131,0.08888496468166475,5.582855002408582e-09,0.08680589731122433,280.6462020349179,41,41,0.22234592188793806,37,1487.0
340,0.5563177389399955,2882.0667411925147,0.10468517964525367,182.2835852414533,0.15666168009348105,4250.645352238582,0.1535323379910858,197.03930078220242,41,41,0.2501365399228266,37,1611.0
341,0.5171459289255074,1841.5438454674445,0.11967746085629864,158.28956862654434,0.11102187151917531,1426.2475960604363,0.10798185437641804,109.7558268277965,41,41,0.2616437373829152,37,1900.0
342,0.6602255644538244,2154.9860127806187,0.04818877968265054,107.52738358052929,0.034356990109530555,625.3282130744116,0.031575996017493536,76.10090154177152,41,41,0.14581345436099963,37,1639.0
343,0.4530710281090681,54237201.19635253,0.2763175774614914,337.32037027247554,0.020928828013345804,4.179570066711072e-09,0.018779891324326833,40.90570454110917,41,41,0.28056454467168723,37,1696.0
344,0.4116853769041639,112506683.10279688,0.22721569868423505,210.3819443653652,0.006832437689252903,1.661976792574054e-10,0.005344285792883653,12.77690609308862,41,41,0.17346708725967788,37,1886.0
345,0.24584049587423212,19919551.68185084,0.4395087855853565,517.5027464089616,0.08684798270324703,7.100197266447096e-08,0.08323371519423427,138.80368518360712,41,41,0.5792517073447292,37,1746.0
346,0.5485421688426444,3467.0275256058326,0.11837467202510675,120.75012571765171,0.05020079777168733,2680.1153230958876,0.046998717926065164,48.28241032302044,41,41,0.2620493528710256,37,1661.0
347,0.4359819475659386,282016582.74345416,0.1786786837620193,465.1552811425452,0.03913375606737083,1.2451768199736619e-09,0.0370492554232587,143.74667447305538,41,41,0.277465452518351,37,1404.0
348,0.10875488752462802,5467.759720561538,0.7441964361183931,132.24719094735264,3.601887636355931,2279892.4434196632,3.382630614893054,599.361024671611,41,41,631.0137306906104,37,1709.0
349,0.3751709576484529,193807823.51594839,0.32789920088738994,603.3209286104398,0.09849858835316959,3.1639180661519904e-09,0.09529810492845944,237.7404410694285,41,41,0.4909004152926195,37,1660.0
350,0.6656063101571266,1612.6679724906207,0.03687000345994618,53.54544181390981,0.009323171328241692,134.08539871372903,0.007534174684838397,26.60995536471145,41,41,0.27402033821784555,37,1380.0
351,0.5847609288981164,1396.5761087096678,0.04890905705245134,81.78216961020202,0.018488760595372498,186.25546233902796,0.015951568534013853,36.7101138034536,41,41,0.2478914984126345,37,1430.0
352,0.3697611776500561,2637.488986822187,0.36978141681720433,2636.8449990642303,127494.21087609063,22361965.307475973,127494.21075161935,22362781.568876866,41,41,0.2728598608529498,37,1431.0
353,0.40807682565764647,1282576362.0315092,0.20146225066652151,153.2756795263311,0.003809580124947621,5.607963769981254e-13,0.00282529898300297,7.228009491866808,41,41,0.17110414874614063,37,1550.0
354,0.3551249812450011,58006290.58149881,0.35190035714075724,593.956456340317,0.07828959735920352,2.337317717836974e-08,0.07573207608019163,173.55374599706846,41,41,0.30731033241498723,37,1541.0
355,0.5982214057513013,1391.2705084335155,0.06502496647065402,62.87957199811606,0.011880611836672501,133.59558633359597,0.009383015172857534,17.792626285007223,41,41,0.21463938972479113,37,1736.0
356,0.34558666495983176,1892293.2883985527,0.05186054565008841,33.99262105124821,0.005903122602935658,269852521.3686112,0.011741118553649694,14.681958403883767,41,41,0.42019239159738425,37,1679.0
357,0.9999999999999903,1663.7774806652612,0.095901775821686,54.22594980163684,0.010231208995176507,102.82055071716772,0.008465339107672165,11.309045166441216,41,41,0.26442266521915087,37,1679.0
358,0.38774330578683824,7573.915583987532,0.2156424277497039,183.63393731664897,0.08029635475826882,22183.594076687732,0.07861647847358626,51.84631249125946,41,41,0.08363896283527165,37,1917.0
359,0.39630506068752597,310593045.66337985,0.23471447704888262,260.1343995159796,0.011567351295435888,4.7196402231234333e-11,0.009801533509139582,22.82851577329554,41,41,0.1850078050966799,37,1802.0
